[["㝡","","","",["very","exceedingly","most","superior"],{"jis213":"2-8-3","strokes":"11","ucs":"3761"}],["㝢","","","",["a house","a roof","look","appearance","space"],{"jis213":"2-8-5","strokes":"12","ucs":"3762"}],["㝫","","","",["shape of the sky"],{"jis213":"2-8-9","strokes":"14","ucs":"376B"}],["㝵","","","",["to get","complacent","to obstruct","to hinder","to stop progress","to injure","to offend","to concern","hindrance","restraint"],{"jis213":"2-8-12","strokes":"8","ucs":"3775"}],["㟁","","","",["shore","bank","beach","coast"],{"jis213":"2-8-30","strokes":"8","ucs":"37C1"}],["㟢","","","",["the rocks on the hills are of different shapes","rugged and weird","character different from others"],{"halpern_kkd":"2866","jis213":"1-47-79","strokes":"11","ucs":"37E2"}],["㟨","","","",["a fountain in the side of a hill","name of a mountain"],{"jis213":"2-8-54","strokes":"12","ucs":"37E8"}],["㟴","","","",["lump on the hills","rugged","rough","lofty","steep","the dejection one feels at heart"],{"jis213":"2-8-57","strokes":"13","ucs":"37F4"}],["㟽","","","",["mountain top","summit","pointing mountain"],{"jis213":"2-8-60","strokes":"14","ucs":"37FD"}],["㠀","","","",["island","isle"],{"halpern_kkd":"3544","jis213":"2-8-62","nelson_c":"5343","strokes":"14","ucs":"3800"}],["㠶","","","",["a sail","to sail"],{"halpern_kkd":"243","jis213":"2-8-81","strokes":"6","ucs":"3836"}],["㡀","","","",["ragged clothing","ragged","old and wear out"],{"jis213":"2-8-84","strokes":"8","ucs":"3840"}],["㡜","","","",["ragged clothes","left over","remainder","the excess","the surplus","to cut out (of silk fabrics) as a design"],{"jis213":"2-8-89","strokes":"14","ucs":"385C"}],["㡡","","","",["screen to make a temporary kitchen"],{"jis213":"2-8-91","nelson_c":"1487","strokes":"15","ucs":"3861"}],["㣺","","","",["the heart","the moral nature","the mind","the affections","intention","the radical on left side of the character"],{"jis213":"2-12-27","strokes":"5","ucs":"38FA"}],["㤚","","","",["joy","delight","gratification"],{"jis213":"2-12-42","strokes":"10","ucs":"391A"}],["㥯","","","",["careful","compassionate","to take an interest in","prudent","cautious","worried and grieved"],{"jis213":"2-12-64","strokes":"14","ucs":"396F"}],["㩮","","","",["to lift up or off","to raise high","to unveil"],{"jis213":"2-13-59","strokes":"21","ucs":"3A6E"}],["㩳","","","",["to hold","to grasp","to detain","to uphold","to push","to stand upright","expel","to shirk","to raise up"],{"jis213":"2-13-63","strokes":"22","ucs":"3A73"}],["㫗","","","",["thick","deep friendship","to treat kindly","generous"],{"jis213":"2-14-22","strokes":"7","ucs":"3AD7"}],["㫪","","","",["to pound (grain) in order to remove the husk"],{"jis213":"2-13-92","strokes":"10","ucs":"3AEA"}],["㬎","","","",["motes in a sunbeam","bright","fibrous","to manifest","to display","to be illustrious","evident","to seem","to appear","cocoons","chrysalis","will not have a pleasant conversation"],{"jis213":"2-14-14","strokes":"14","ucs":"3B0E"}],["㬚","","","",["light","bright","clear"],{"jis213":"2-14-18","strokes":"16","ucs":"3B1A"}],["㬜","","","",["to advance","to increase","to flourish"],{"jis213":"2-14-20","strokes":"16","ucs":"3B1C"}],["㬢","","","",["sunshine","sunlight","the light of day"],{"jis213":"1-85-41","strokes":"17","ucs":"3B22"}],["㭭","","","",["a kind of tree","a harrow","a drag","a written contract or agreement","a bond","a deed","handles of spears or lances used in ancient times"],{"jis213":"2-14-77","strokes":"11","ucs":"3B6D"}],["㮇","","","",["a builder's frame for measuring","juniper","a poker (for stirring fire)","a cylinder part on the old style of wooden doors"],{"jis213":"2-15-8","strokes":"12","ucs":"3B87"}],["㮈","","","",["but","how","what","a remedy","a resource","to bear","to endure"],{"jis213":"2-15-9","strokes":"12","ucs":"3B88"}],["㮍","","","",["a memorandum tablet","slip of paper","fancy note-paper","a note","a document","comments"],{"jis213":"2-15-12","strokes":"13","ucs":"3B8D"}],["㮤","","","",["pine","fir","loose","lax","slack"],{"jis213":"2-15-20","strokes":"14","ucs":"3BA4"}],["㮶","","","",["a tree","a fence","a palisade","a railing"],{"jis213":"1-85-94","strokes":"14","ucs":"3BB6"}],["㯃","","","",["the varnish tree","paint","lacquer","varinish","to paint or varinish","black","sticky"],{"jis213":"1-86-1","strokes":"15","ucs":"3BC3"}],["㯍","","","",["an oar"],{"jis213":"2-15-40","strokes":"15","ucs":"3BCD"}],["㯰","","","",["to plant","to set up","to erect","plants"],{"jis213":"2-15-61","strokes":"17","ucs":"3BF0"}],["㰏","","","",["a bamboo pole","a pole for punting a boat"],{"jis213":"1-86-26","strokes":"20","ucs":"3C0F"}],["㰦","","","",["to breath with mouth open"],{"jis213":"2-15-87","strokes":"9","ucs":"3C26"}],["㳃","","","",["to temper iron or steel for making swords_ etc. (also used figuratively)","to dip into water","to soak","to dye"],{"jis213":"2-78-27","strokes":"8","ucs":"3CC3"}],["㳒","","","",["statutes","laws","regulations","a rule","legal standard","plan or methods_ etc."],{"jis213":"2-78-34","strokes":"9","ucs":"3CD2"}],["㴑","","","",["to trace up to a source","to go against the stream","water"],{"jis213":"2-78-81","strokes":"13","ucs":"3D11"}],["㴞","","","",["fluent","to fill","to prevail"],{"jis213":"2-78-94","strokes":"13","ucs":"3D1E"}],["㵤","","","",["to overflow","to spread"],{"jis213":"2-79-32","strokes":"17","ucs":"3D64"}],["㶚","ハ バ","","",["name of a river in Shanxi"],{"jis213":"2-79-52","strokes":"23","ucs":"3D9A"}],["㷀","","","",["solitary","alone","single","brotherless","friendless","helpless","dice","a kind of gambling game played in ancient times"],{"jis213":"2-79-80","strokes":"11","ucs":"3DC0"}],["㷔","","","",["flame","blaze","glowing","brilliant"],{"jis213":"2-79-87","strokes":"13","ucs":"3DD4"}],["㸅","","","",["ashes","candle end"],{"jis213":"2-80-8","strokes":"18","ucs":"3E05"}],["㸿","","","",["a calf"],{"jis213":"1-87-70","strokes":"11","ucs":"3E3F"}],["㹠","","トン","",["small pig","sucking pig","to shuffle along without lifting the feet"],{"jis213":"2-80-31","strokes":"9","ucs":"3E60"}],["㹦","","","",["dog with a short tail","the sable","the marten","mink"],{"jis213":"2-80-33","strokes":"10","ucs":"3E66"}],["㹨","","","",["a kind of animal (looks like weasel)","an ape with black color and long tail"],{"jis213":"2-80-34","strokes":"10","ucs":"3E68"}],["㺃","","","",["a dog","canine"],{"jis213":"2-80-41","strokes":"14","ucs":"3E83"}],["㺔","","","",["a kind of beast","a legendary monster"],{"jis213":"2-80-48","strokes":"17","ucs":"3E94"}],["㽲","","","",["griping colic","illness","disease"],{"jis213":"1-88-45","strokes":"7","ucs":"3F72"}],["㽵","","","",["solemn","large farmhouse"],{"jis213":"2-81-38","strokes":"8","ucs":"3F75"}],["㽷","","","",["dropsy","hydrophillic swelling"],{"jis213":"2-81-40","strokes":"9","ucs":"3F77"}],["㾮","","","",["jaundice"],{"jis213":"2-81-60","strokes":"14","ucs":"3FAE"}],["㿉","","","",["disease of the private part of the human body"],{"jis213":"2-81-71","strokes":"17","ucs":"3FC9"}],["㿗","","","",["disease of the private part of the human body"],{"jis213":"2-81-76","strokes":"21","ucs":"3FD7"}],["䀹","","","",["to wink eyelashes","having one eye smaller than the other","joke","witticism","pleasantry","jest","fun"],{"jis213":"2-82-2","strokes":"12","ucs":"4039"}],["䁘","","","",["to look at","to see","pretty eyes","farsightedness (as a physical defect)","hypermetropia","to look from a distance"],{"jis213":"2-82-13","strokes":"15","ucs":"4058"}],["䂓","","","",["regulations","laws","rules","customs or usages","a pair of compasses"],{"halpern_kkd":"1516","jis213":"2-82-25","strokes":"12","ucs":"4093"}],["䄅","","","",["to worship","to honor by a rite or service","to offer sacrifices"],{"jis213":"2-82-68","strokes":"11","ucs":"4105"}],["䅏","","","",["rice boiled to gruel","congee","porridge"],{"jis213":"2-82-87","strokes":"12","ucs":"414F"}],["䅣","","","",["a variety of panicled millet","a small coarse grain resembling sorghum"],{"jis213":"2-82-93","strokes":"14","ucs":"4163"}],["䆴","","","",["(abbreviated form)"],{"jis213":"2-83-19","strokes":"16","ucs":"41B4"}],["䆿","","","",["to talk in sleep","somniloquy"],{"jis213":"2-83-23","strokes":"19","ucs":"41BF"}],["䇦","","","",["a kind of bamboo","colorless bamboo","bamboo shoot"],{"jis213":"2-83-39","strokes":"11","ucs":"41E6"}],["䇮","","","",["a bamboo mat used in ancient times","a sleeping mat"],{"jis213":"2-83-43","strokes":"12","ucs":"41EE"}],["䇳","","","",["a memoradum tablet","slip of paper","fancy notepaper","a note","a document"],{"halpern_kkd":"3324","jis213":"2-83-40","strokes":"12","ucs":"41F3"}],["䈇","","","",["a cover","a shade","a basket used to catch fish"],{"jis213":"2-83-51","strokes":"14","ucs":"4207"}],["䈎","","","",["a leaf","the page of a book","a leaf of a door","a lobe of the lungs or liver"],{"jis213":"2-83-55","strokes":"15","ucs":"420E"}],["䉤","","","",["a bamboo ware for washing rice","a measuring unit used in ancient times","equal to 16 Chinese peck"],{"jis213":"1-89-77","strokes":"19","ucs":"4264"}],["䋖","","","",["long","a gown","a long dress"],{"jis213":"2-84-22","strokes":"12","ucs":"42D6"}],["䋝","","","",["a throat-band","chin strap for holding the hat","tassel","a fringe"],{"jis213":"2-84-27","strokes":"12","ucs":"42DD"}],["䌂","","","",["in ancient times_ article for preparing the body for the coffin (something slipped on the hand of the dead)"],{"jis213":"2-84-46","strokes":"15","ucs":"4302"}],["䌫","","","",["a hawser","a cable","a rope"],{"jis213":"2-84-61","nelson_c":"3629","strokes":"22","ucs":"432B"}],["䍃","","","",["a vase","a pitcher","earthenware"],{"jis213":"2-84-65","strokes":"10","ucs":"4343"}],["䏮","","","",["the sides of the trunk from armpits to ribs","the flank"],{"jis213":"2-85-30","nelson_c":"3756","strokes":"13","ucs":"43EE"}],["䏰","","","",["a kind of insects","earthworm","durable","strong and soft","pliable yet tough"],{"jis213":"2-85-34","strokes":"14","ucs":"43F0"}],["䐈","","","",["a piece of one foot two inches dried seasoned meat","to paste up","to attach to","to stick up","to glue","rotten fat","grease_ lard_ etc.","bowels"],{"jis213":"2-85-40","strokes":"15","ucs":"4408"}],["䐗","","","",["a pig","the belly","the abdomen"],{"jis213":"2-85-42","strokes":"16","ucs":"4417"}],["䐜","","","",["a swelled belly","drop-sical","to swell","inflated"],{"jis213":"2-85-44","strokes":"17","ucs":"441C"}],["䐢","","","",["to wrinkle","to contract","beautiful","elegant","dried and seasoned meat","excellent food","delicacies"],{"jis213":"2-85-47","strokes":"17","ucs":"4422"}],["䑓","","","",["a lookout","a tower","a terrace","a platform","a stage"],{"jis213":"1-90-57","strokes":"13","ucs":"4453"}],["䑛","","","",["to lick"],{"halpern_kkd":"1696","jis213":"1-90-58","strokes":"11","ucs":"445B"}],["䑶","","","",["sprightly boat","light boat"],{"jis213":"2-85-76","strokes":"14","ucs":"4476"}],["䑺","","","",["a sail (of a boat)"],{"jis213":"2-85-78","strokes":"15","ucs":"447A"}],["䒑","","","",["grass","straw","herbs","weeds"],{"jis213":"2-85-87","strokes":"6","ucs":"4491"}],["䒳","","","",["a flower","a cluster of flowers","a bud","lobe of the ear"],{"jis213":"2-86-21","strokes":"12","ucs":"44B3"}],["䔈","","","",["lush growth of grass","trees and fruits"],{"jis213":"2-86-57","strokes":"16","ucs":"4508"}],["䔥","","","",["common variety of artemisia"],{"jis213":"2-86-77","strokes":"17","ucs":"4525"}],["䕃","","","",["the shade of a tree","to cover up","to cover or screen"],{"halpern_kkd":"2997","jis213":"2-86-78","strokes":"18","ucs":"4543"}],["䖝","","","",["insects","worms"],{"jis213":"1-91-49","strokes":"7","ucs":"459D"}],["䖸","","","",["moth"],{"jis213":"2-87-47","strokes":"13","ucs":"45B8"}],["䗥","","","",["the solitary wasp","lice on cattle","a kind of gad-fly"],{"jis213":"2-87-76","strokes":"17","ucs":"45E5"}],["䗪","","","",["a kind of worm","can be used in Chinese medicine"],{"jis213":"1-91-64","strokes":"17","ucs":"45EA"}],["䘏","","","",["sympathy","pity"],{"jis213":"2-88-4","strokes":"9","ucs":"460F"}],["䙁","","","",["children's garments","a mat for wrapping garments"],{"jis213":"2-88-26","strokes":"14","ucs":"4641"}],["䙥","","","",["shiny dresses"],{"jis213":"2-88-35","strokes":"19","ucs":"4665"}],["䚡","","","",["bones in a horn of cattle and goat"],{"jis213":"2-88-46","strokes":"16","ucs":"46A1"}],["䚯","","","",["to quell (uprising_ rebellion_ etc.) to punish (another nation_ etc.) by force of arms","sound","voice","tone"],{"jis213":"2-88-51","strokes":"9","ucs":"46AF"}],["䜌","","","",["chaos","distraction","confusion","confused","continuous","uninterruptedto tie together","to manage"],{"jis213":"2-88-75","strokes":"19","ucs":"470C"}],["䝤","","","",["a primitive tribe in southwest China","nocturnal hunting"],{"jis213":"2-89-9","strokes":"19","ucs":"4764"}],["䟽","","","",["scattered or dispersed"],{"jis213":"2-89-31","strokes":"14","ucs":"47FD"}],["䡎","","","",["a windlass","a pulley","a capstan"],{"jis213":"2-89-60","strokes":"11","ucs":"484E"}],["䢵","","","",["name of an old country in today's Hubei province","name of a place in today's Jiangsu province"],{"jis213":"2-90-7","strokes":"11","ucs":"48B5"}],["䦰","","","",["lots","to draw lots"],{"jis213":"1-93-56","strokes":"19","ucs":"49B0"}],["䧧","","","",["high mountains","steep","lofty"],{"jis213":"2-91-74","strokes":"21","ucs":"49E7"}],["䧺","","","",["the male of birds"],{"jis213":"2-91-80","strokes":"13","ucs":"49FA"}],["䨄","","","",["quail"],{"jis213":"2-91-85","strokes":"19","ucs":"4A04"}],["䨩","","","",["the spirit","the soul","divine","super-natural"],{"jis213":"2-91-88","strokes":"18","ucs":"4A29"}],["䪼","","","",["the cheek-bone","the malar bone","the malar"],{"jis213":"2-92-23","strokes":"14","ucs":"4ABC"}],["䬻","","","",["to entertain a departing friend","a parting present of food or money"],{"jis213":"2-92-53","strokes":"15","ucs":"4B3B"}],["䯂","","","",["numerous","very many","large group of horses traveling in a line"],{"jis213":"2-93-6","strokes":"34","ucs":"4BC2"}],["䯊","","","",["the pelvis","bone stuck in the throat","the kneecap","patella","the five lowest pieces of bone of the spinal column"],{"jis213":"2-93-8","strokes":"15","ucs":"4BCA"}],["䯒","","","",["the upper part of the shinbone","or tibia"],{"jis213":"2-93-10","strokes":"16","ucs":"4BD2"}],["䯨","","","",["to rap","to tap","to beat","big","great","large","tall","high"],{"jis213":"2-93-17","strokes":"13","ucs":"4BE8"}],["䰗","","","",["a lot","a ticket","to draw lots"],{"jis213":"1-94-30","strokes":"20","ucs":"4C17"}],["䰠","","","",["god","spirit","immortal","mountain deity"],{"jis213":"2-93-31","strokes":"16","ucs":"4C20"}],["䳄","","","",["a kind of water bird","with black color","female","woman-like"],{"jis213":"2-94-10","strokes":"16","ucs":"4CC4"}],["䳑","","","",["a pheasant-like bird"],{"jis213":"2-94-13","strokes":"17","ucs":"4CD1"}],["䴇","","","",["a second name for crane","a small swan","a second name for wagtail"],{"jis213":"2-94-43","strokes":"24","ucs":"4D07"}],["䵷","","","",["frog","to make the noise of vomitting"],{"jis213":"2-94-64","strokes":"19","ucs":"4D77"}],["丏","ベン メン","みえぬ","",["parapet","invisible"],{"jis213":"2-1-3","moro":"21","strokes":"4","ucs":"4E0F"}],["丩","キュウ","まつわる","",["to join or connect the vine"],{"jis213":"2-1-5","moro":"68","strokes":"2","ucs":"4E29"}],["丬","","","",["half of tree trunk","rad. no. 90"],{"halpern_kkd":"3655","jis213":"2-80-14","strokes":"4","ucs":"4E2C"}],["么","エウ","","",["interrogative particle","repetition of a tune small","tender"],{"jis213":"2-1-10","moro":"121","strokes":"3","ucs":"4E48"}],["亻","","","",["radical number 9"],{"halpern_kkd":"4181","halpern_njecd":"3373","jis213":"2-1-21","strokes":"2","ucs":"4EBB"}],["亼","シュウ ジュウ","あつまる","",["to assemble. to gather together"],{"jis213":"2-1-23","moro":"345","strokes":"3","ucs":"4EBC"}],["仫","","","",["tribe"],{"jis213":"2-1-27","strokes":"5","ucs":"4EEB"}],["俦","","","",["companion","mate","colleague"],{"jis213":"2-1-47","strokes":"9","ucs":"4FE6"}],["俱","ク","ともに","jinmeiyou",["all","together","accompany"],{"grade":"9","halpern_kkd":"125","jis213":"1-14-1","strokes":"10","ucs":"4FF1"}],["倂","ヘイ","あわせる ならぶ しかし","",["combine"],{"halpern_kkd":"142","halpern_njecd":"126","jis213":"1-14-28","moro":"746","nelson_c":"458","nelson_n":"224","strokes":"10","ucs":"5002"}],["傈","リツ リチ","","",["tribe"],{"jis213":"2-1-73","moro":"942","strokes":"12","ucs":"5088"}],["傣","","","",["the Dai minority living in South China"],{"jis213":"2-1-72","strokes":"12","ucs":"50A3"}],["傻","サ","","",["foolish","silly","stupid","an imbecile"],{"jis213":"2-1-83","moro":"1034","strokes":"13","ucs":"50BB"}],["僳","","","",["minority name"],{"jis213":"2-1-86","strokes":"14","ucs":"50F3"}],["关","","","",["frontier pass","close","relation"],{"jis213":"2-3-8","strokes":"6","ucs":"5173"}],["养","","","",["raise","rear","bring up","support"],{"jis213":"2-84-84","strokes":"9","ucs":"517B"}],["凃","","","",["mud","surname"],{"jis213":"1-14-53","strokes":"9","ucs":"51C3"}],["凊","セイ","さむ.い すず.しい","",["surname"],{"jis213":"1-14-54","moro":"1666","strokes":"10","ucs":"51CA"}],["劄","サツ トウ","さす かぎ かま","",["brief note","official communique"],{"jis213":"2-3-29","nelson_c":"706","strokes":"14","ucs":"5284"}],["勐","バウ","","",["imperial degree","daoist magic"],{"jis213":"1-14-69","moro":"2379","strokes":"10","ucs":"52D0"}],["勻","イン","すくない ひとしい","",["equal","impartially","uniform","even"],{"jis213":"1-14-74","moro":"2496","strokes":"4","ucs":"52FB"}],["卧","","","",["lie down","crouch"],{"halpern_kkd":"1826","jis213":"2-3-52","moro":"2808","strokes":"8","ucs":"5367"}],["卺","キン","さかずき","",["(nuptial) winecups"],{"jis213":"2-3-54","moro":"2864","nelson_c":"807","strokes":"8","ucs":"537A"}],["卽","ソク ショク","つく すなわち もし","jinmeiyou",["promptly"],{"grade":"10","halpern_kkd":"1840","halpern_njecd":"1450","jis213":"1-14-81","moro":"2872","nelson_c":"811","nelson_n":"639","strokes":"9","ucs":"537D"}],["吒","タ","","",["shout","roar","bellow","scold"],{"jis213":"1-14-85","moro":"3302","strokes":"6","ucs":"5412"}],["吞","ドン トン テン","のむ","jinmeiyou",["swallow","absorb","annex","engulf"],{"grade":"9","halpern_kkd":"3059","jis213":"1-47-94","moro":"3329","strokes":"7","ucs":"541E"}],["呕","","","",["vomit","annoy","enrage"],{"jis213":"2-3-68","strokes":"7","ucs":"5455"}],["呬","キ チ レイ リョウ","いき いこう","",["to rest"],{"jis213":"2-3-75","moro":"3447","strokes":"8","ucs":"546C"}],["咊","ワ","","",["harmony","peace","conciliation","to be on good terms with","kindly","mild"],{"halpern_kkd":"327","jis213":"2-3-76","moro":"3489","strokes":"8","ucs":"548A"}],["咠","シュウ ユウ","ささやく そしる","",["to whisper. to blame to slander"],{"jis213":"2-3-79","moro":"3527","strokes":"9","ucs":"54A0"}],["啽","ガン ゴン","いびき とじる","",["to speak"],{"jis213":"2-4-11","moro":"3889","strokes":"12","ucs":"557D"}],["嗝","カク キャク","しゃくり","",["cackling of fowls to gag","to vomit"],{"jis213":"2-4-23","moro":"4097","strokes":"13","ucs":"55DD"}],["嘨","ショウ シツ シュウ","うそぶく もぐぶく","",["roar","howl","scream","whistle"],{"jis213":"2-4-28","strokes":"15","ucs":"5628"}],["噓","キョ","ふく うそ","",["exhale","blow out","deep sigh","hiss","praise","flatter","lie"],{"halpern_kkd":"880","jis213":"1-84-07","moro":"4206","strokes":"14","ucs":"5653"}],["噶","カツ カチ","","",["used in transliterations"],{"jis213":"1-15-20","moro":"4426","strokes":"16","ucs":"5676"}],["嚲","タ","","",["read aloud","recite","chant","droop"],{"jis213":"2-4-50","moro":"4585","strokes":"20","ucs":"56B2"}],["埗","","","",["a wharf","dock","jetty","a trading center","port","place name"],{"jis213":"2-4-81","strokes":"10","ucs":"57D7"}],["增","ゾウ ソウ","ます ふえる ふやす","jinmeiyou",["increase","add to","augment"],{"grade":"10","halpern_kkd":"889","halpern_njecd":"721","jis213":"1-15-61","moro":"5454","nelson_c":"1137","nelson_n":"1089","strokes":"15","ucs":"589E"}],["壠","ロウ","","",["mound","grave","ridge in field"],{"jis213":"1-15-69","moro":"5592","nelson_c":"1155","strokes":"19","ucs":"58E0"}],["复","","","",["return","repeat","repeatedly"],{"jis213":"2-5-27","strokes":"9","ucs":"590D"}],["姸","ケンゲン","うつくしい","",["beautiful"],{"jis213":"1-94-90","moro":"5863","strokes":"8","ucs":"59F8"}],["寎","ヘイ ケイ","おびえる おそわれる ねいる","",["drowsy"],{"jis213":"2-8-6","moro":"7233","strokes":"12","ucs":"5BCE"}],["寬","カン","ひろい ゆるやか くつろぐ","jinmeiyou",["broad","wide","spacious","vast"],{"grade":"10","halpern_kkd":"2965","jis213":"1-47-58","moro":"7322","nelson_c":"1328","nelson_n":"1355","strokes":"15","ucs":"5BEC"}],["尃","フ ホ","しく あまねし もと はらう","",["to state to","to announce"],{"jis213":"2-8-13","moro":"7433","strokes":"10","ucs":"5C03"}],["尒","ジ ニ","しかり わける なんじ ちかい","",["you","your"],{"halpern_kkd":"2491","jis213":"1-47-59","moro":"7477","nelson_c":"354","strokes":"5","ucs":"5C12"}],["岧","テウ デウ","","",["peak","cliff","precipice"],{"jis213":"2-8-36","moro":"7981","strokes":"8","ucs":"5CA7"}],["岭","レイ","","",["mountain ridge","mountain peak"],{"jis213":"2-8-38","moro":"7993","strokes":"8","ucs":"5CAD"}],["崐","コン","","",["Kunlun mountains in Jiangsu"],{"jis213":"2-8-45","moro":"8172","strokes":"11","ucs":"5D10"}],["崠","トウ ツ","","",["place name in Guangxi province"],{"jis213":"2-8-48","moro":"8200","strokes":"11","ucs":"5D20"}],["嵇","ケイ ゲイ","","",["mountain in Henan","surname"],{"jis213":"1-47-84","moro":"8273","strokes":"12","ucs":"5D47"}],["嶗","","","",["Laoshan","mountain in Shandong"],{"jis213":"2-8-65","moro":"8475","strokes":"15","ucs":"5D97"}],["巢","","","jinmeiyou",["nest","living quarter in tree"],{"grade":"10","halpern_kkd":"2867","halpern_njecd":"2299","jis213":"1-84-8","moro":"8696","nelson_c":"1449","nelson_n":"1531","strokes":"11","ucs":"5DE2"}],["幷","ヘイ ヒョウ","あわせる ならぶ","",["combine"],{"jis213":"1-94-92","moro":"9175","strokes":"6","ucs":"5E77"}],["庹","","","",["the length of one's two outstretched arms"],{"jis213":"2-12-6","moro":"9381","strokes":"11","ucs":"5EB9"}],["廹","","","",["to persecute","to oppress in difficulties","embarrassed"],{"jis213":"1-84-16","strokes":"8","ucs":"5EF9"}],["廽","カイ エ","まわす まわる かえる めぐる","",["return","turn around","a time"],{"halpern_kkd":"3847","jis213":"2-12-12","moro":"9577","strokes":"10","ucs":"5EFD"}],["开","","","",["open","initiate","begin","start"],{"jis213":"1-84-17","strokes":"4","ucs":"5F00"}],["徵","チョウ チ","しるし めす","jinmeiyou",["summon","recruit","musical note"],{"grade":"10","halpern_kkd":"895","halpern_njecd":"727","jis213":"1-84-36","moro":"10239","nelson_c":"1635","nelson_n":"1769","strokes":"16","ucs":"5FB5"}],["德","トク","おしえ","jinmeiyou",["ethics","morality","virtue"],{"grade":"10","halpern_kkd":"896","halpern_njecd":"729","jis213":"1-84-37","moro":"10243","nelson_c":"1633","nelson_n":"1770","strokes":"16","ucs":"5FB7"}],["惮","","","",["dread","shrink from","shirk","fear"],{"jis213":"2-12-55","strokes":"12","ucs":"60EE"}],["懵","","","",["stupid","ignorant","dull"],{"jis213":"2-12-81","moro":"11451","strokes":"20","ucs":"61F5"}],["戾","レイ ライ","もどす もとる いたる","",["perverse","recalcitrant","rebellious"],{"halpern_kkd":"3718","halpern_njecd":"2996","jis213":"1-84-67","moro":"11712","nelson_n":"2052","strokes":"8","ucs":"623E"}],["扡","","","",["drag along"],{"jis213":"2-12-90","moro":"11805","strokes":"7","ucs":"6261"}],["扻","","","",["to strike","to run against to throw","as a stone"],{"jis213":"2-12-92","moro":"11847","strokes":"8","ucs":"627B"}],["抅","","","",["to collect","to join together"],{"halpern_kkd":"303","jis213":"1-84-72","moro":"11865","strokes":"8","ucs":"6285"}],["挲","","","",["to feel or fondle with the fingers"],{"jis213":"2-13-11","moro":"12096","strokes":"11","ucs":"6332"}],["揫","","","",["grasp with hand","pinch"],{"jis213":"2-13-33","moro":"12385","strokes":"13","ucs":"63EB"}],["揭","ケイ ケツ","かかげる","jinmeiyou",["raise","lift up","surname"],{"grade":"10","halpern_kkd":"725","halpern_njecd":"597","jis213":"1-84-83","moro":"12389","nelson_n":"2216","strokes":"13","ucs":"63ED"}],["揷","ソウ","さす にない とる","",["insert"],{"halpern_kkd":"728","halpern_njecd":"599","jis213":"2-13-28","moro":"12346P","strokes":"13","ucs":"63F7"}],["摹","","","",["trace","copy","duplicate","pattern"],{"jis213":"1-84-88","moro":"12645","nelson_c":"4035","sh_desc":"3k11.13","strokes":"15","ucs":"6479"}],["攲","キ","かたむ.く そばだ.てる そばだ.つ","",["up","uneven"],{"jis213":"2-13-65","moro":"13086","nelson_c":"2041","strokes":"12","ucs":"6532"}],["敄","","","",["to put forth effort"],{"jis213":"2-13-66","moro":"13160","strokes":"9","ucs":"6544"}],["斵","","","",["to cut to pieces","to hack","to chop or hew","to carve for ornaments"],{"jis213":"2-13-75","moro":"13604","strokes":"17","ucs":"65B5"}],["斸","","","",["cut"],{"jis213":"2-13-76","moro":"13619","strokes":"25","ucs":"65B8"}],["旼","","","",["gentle and affable"],{"jis213":"2-13-84","moro":"13776","strokes":"8","ucs":"65FC"}],["昺","","","",["bright","glorious","brilliant"],{"jis213":"1-85-16","moro":"13836","strokes":"9","ucs":"663A"}],["晚","バン","くれ おそい","jinmeiyou",["night","evening","late"],{"grade":"10","halpern_kkd":"1197","halpern_njecd":"959","jis213":"1-85-28","moro":"13940","nelson_c":"2128","nelson_n":"2466","strokes":"11","ucs":"665A"}],["晥","","","",["Anhui province"],{"jis213":"1-85-30","moro":"13957","strokes":"11","ucs":"6665"}],["曆","レキ","こよみ","jinmeiyou",["calendar","era"],{"grade":"10","halpern_kkd":"3751","halpern_njecd":"3020","jis213":"1-85-39","moro":"14171","nelson_c":"838","nelson_n":"2512","strokes":"16","ucs":"66C6"}],["朁","","","",["if","supposing","nevertheless"],{"jis213":"2-14-23","moro":"14302","strokes":"12","ucs":"6701"}],["枒","","","",["the coconut tree","rim"],{"jis213":"2-14-40","moro":"14542","strokes":"8","ucs":"6792"}],["栘","","","",["fruit tree"],{"jis213":"2-14-56","moro":"14696","strokes":"10","ucs":"6818"}],["栾","","","",["name of tree","a part of cornice"],{"jis213":"2-14-62","moro":"14751","strokes":"10","ucs":"683E"}],["梐","","","",["fence"],{"jis213":"2-14-75","moro":"14842","strokes":"11","ucs":"6890"}],["梴","","","",["long"],{"jis213":"2-14-84","moro":"14887","strokes":"11","ucs":"68B4"}],["棃","","","",["a pear"],{"halpern_kkd":"3459","jis213":"2-14-90","moro":"14912","strokes":"12","ucs":"68C3"}],["槩","","","",["generally","approximately"],{"jis213":"1-86-3","moro":"15363","strokes":"14","ucs":"69E9"}],["槪","ガイ カイ","とかき おおむね おもむき","",["generally","approximately"],{"halpern_kkd":"1371","halpern_njecd":"1068","jis213":"1-86-04","moro":"15364P","nelson_n":"2861","strokes":"15","ucs":"69EA"}],["樳","","","",["tall tree"],{"jis213":"2-15-48","moro":"15487","strokes":"16","ucs":"6A33"}],["橫","オウ コウ","よこ よこたわる よこたえる","jinmeiyou",["across","horizontal","lateral"],{"grade":"10","halpern_kkd":"1372","halpern_njecd":"1080","jis213":"1-86-16","moro":"15594","nelson_c":"2361","nelson_n":"2857","strokes":"16","ucs":"6A6B"}],["檔","","","",["shelf","frame","crosspiece"],{"jis213":"1-86-20","moro":"15665","strokes":"17","ucs":"6A94"}],["櫳","","","",["cage","pen","set of bars"],{"jis213":"2-15-78","moro":"15868","strokes":"20","ucs":"6AF3"}],["步","ホ ブ フ","あるく あゆむ あゆみ","jinmeiyou",["step","pace","walk","stroll"],{"grade":"10","halpern_kkd":"3051","halpern_njecd":"2399","jis213":"1-86-35","moro":"16264","nelson_c":"2431","nelson_n":"2957","strokes":"7","ucs":"6B65"}],["歷","","","jinmeiyou",["take place","past","history"],{"grade":"10","halpern_kkd":"3752","halpern_njecd":"3021","jis213":"1-86-37","moro":"16340","nelson_c":"837","nelson_n":"2965","strokes":"16","ucs":"6B77"}],["歺","","","",["vicious","depraved","bad"],{"jis213":"2-15-93","moro":"16362","strokes":"5","ucs":"6B7A"}],["殁","ボツ モチ","しぬ","",["die","death","dead"],{"jis213":"2-15-94","moro":"16386","strokes":"8","ucs":"6B81"}],["毈","","","",["fertile eggs"],{"jis213":"2-78-7","moro":"16681","strokes":"16","ucs":"6BC8"}],["每","マイ バイ","つね","jinmeiyou",["every","each"],{"grade":"10","halpern_kkd":"2542","halpern_njecd":"2048","jis213":"1-86-42","moro":"16725","strokes":"7","ucs":"6BCF"}],["毗","","","",["help","assist","connect","adjoin"],{"halpern_kkd":"1452","jis213":"1-86-44","moro":"16752","strokes":"9","ucs":"6BD7"}],["氊","","","",["felt","coarse fabrics use for rugs","carpets","wrappers etc."],{"jis213":"2-78-15","moro":"16983","strokes":"17","ucs":"6C0A"}],["沄","","","",["billows"],{"jis213":"2-78-25","moro":"17185","strokes":"8","ucs":"6C84"}],["沪","","","",["filter","Shanghai","river near Shanghai"],{"jis213":"1-86-51","strokes":"8","ucs":"6CAA"}],["沭","","","",["river in Shantung"],{"jis213":"2-78-31","moro":"17237","strokes":"9","ucs":"6CAD"}],["泭","","","",["a raft"],{"jis213":"2-78-40","moro":"17321","strokes":"9","ucs":"6CED"}],["泻","","","",["drain off","leak","flow","pour down"],{"jis213":"1-86-58","strokes":"9","ucs":"6CFB"}],["洤","","","",["a fountain or spring"],{"jis213":"2-78-44","moro":"17395","strokes":"10","ucs":"6D24"}],["洴","","","",["sound"],{"jis213":"2-78-69","moro":"17415","strokes":"10","ucs":"6D34"}],["涉","ショウ","わたる かかわる","jinmeiyou",["ford stream","wade across"],{"grade":"10","halpern_kkd":"538","halpern_njecd":"451","jis213":"1-86-76","moro":"17530","nelson_c":"2555","nelson_n":"3136","strokes":"11","ucs":"6D89"}],["涊","","","",["dirt"],{"jis213":"2-78-56","moro":"17532","strokes":"11","ucs":"6D8A"}],["涮","","","",["rinse","cook or boil in juice"],{"jis213":"2-78-66","moro":"17580","strokes":"12","ucs":"6DAE"}],["淚","ルイ レイ","なみだ","jinmeiyou",["tears","weep","cry"],{"grade":"10","halpern_kkd":"646","halpern_njecd":"531","jis213":"1-86-83","moro":"17644","nelson_c":"2578","nelson_n":"3161","strokes":"12","ucs":"6DDA"}],["渗","シン","しみる","",["soak through","infiltrate"],{"halpern_kkd":"649","jis213":"2-78-61","strokes":"12","ucs":"6E17"}],["渴","カツ","かわく かわき","jinmeiyou",["thirsty","parched","yearn","pine"],{"grade":"10","halpern_kkd":"753","halpern_njecd":"616","jis213":"1-86-88","moro":"17788","nelson_c":"2608","nelson_n":"3208","strokes":"13","ucs":"6E34"}],["溫","オン ウン","あたたか あたためる","jinmeiyou",["lukewarm","warm","tepid","mild"],{"grade":"10","halpern_kkd":"821","halpern_njecd":"668","jis213":"1-86-92","moro":"17968","nelson_c":"2638","nelson_n":"3251","strokes":"14","ucs":"6EAB"}],["溴","","","",["bromine"],{"jis213":"2-79-3","moro":"17981","strokes":"14","ucs":"6EB4"}],["滙","","","",["waters converging to one spot","whirling waters"],{"jis213":"2-79-7","moro":"18062","strokes":"14","ucs":"6ED9"}],["潠","","","",["to blow out","to puff out"],{"jis213":"2-79-22","moro":"18248","strokes":"16","ucs":"6F60"}],["澾","","","",["slippery","smooth"],{"jis213":"2-79-28","moro":"18434","strokes":"17","ucs":"6FBE"}],["瀨","ライ","せ","jinmeiyou",["swift current","rapids"],{"grade":"10","halpern_kkd":"997","halpern_njecd":"808","jis213":"1-87-30","moro":"18672","nelson_n":"3385","strokes":"20","ucs":"7028"}],["瀺","","","",["sound"],{"jis213":"2-79-47","moro":"18714","strokes":"21","ucs":"703A"}],["灩","エン","なみ","",["overflowing","billowing","wavy"],{"jis213":"2-79-55","moro":"18846","strokes":"32","ucs":"7069"}],["炻","","","",["a kind of china"],{"jis213":"2-79-64","strokes":"9","ucs":"70BB"}],["烬","ジン","","",["cinders","ashes","embers","remnants"],{"jis213":"2-79-69","strokes":"10","ucs":"70EC"}],["焮","キン","","",["heat","radiate heat","broil","cauterize"],{"jis213":"1-87-48","moro":"19137","strokes":"12","ucs":"712E"}],["煑","シャ ショ","にる にえる","",["cook"],{"jis213":"1-87-52","nelson_c":"2775","strokes":"13","ucs":"7151"}],["狀","ジョウ","","jinmeiyou",["form","appearance","shape","official"],{"grade":"10","halpern_kkd":"1081","halpern_njecd":"871","jis213":"1-87-74","moro":"20280","nelson_n":"3557","strokes":"9","ucs":"72C0"}],["猹","","","",["wild animal mentioned in short story by Lu Xun"],{"jis213":"2-80-42","strokes":"14","ucs":"7339"}],["玔","","","",["green jade"],{"jis213":"2-80-59","moro":"20844","strokes":"8","ucs":"7394"}],["玨","","","",["two pieces of jade joined together"],{"jis213":"2-80-64","moro":"20871","strokes":"9","ucs":"73A8"}],["璈","","","",["ancient musical instrument"],{"jis213":"2-80-90","moro":"21204","strokes":"16","ucs":"7488"}],["璥","","","",["a kind of jade"],{"jis213":"2-81-3","moro":"21266","strokes":"18","ucs":"74A5"}],["璺","","","",["a crack","as in porcelain"],{"jis213":"2-81-8","moro":"21305","strokes":"19","ucs":"74BA"}],["瓖","","","",["inlay"],{"jis213":"2-81-9","moro":"21350","strokes":"22","ucs":"74D6"}],["甁","ヘイ ビン","かめ","",["jug"],{"halpern_kkd":"1316","halpern_njecd":"1041","jis213":"1-88-39","moro":"21537","nelson_c":"2984","nelson_n":"3700","strokes":"13","ucs":"7501"}],["畬","ヨ","あらた","",["reclaimed field"],{"jis213":"2-81-29","moro":"21860","strokes":"12","ucs":"756C"}],["畲","ヨ シャ","あらた やきた","",["to cultivate land by first setting fire to it"],{"jis213":"2-81-30","moro":"21862","strokes":"12","ucs":"7572"}],["瘘","","","",["fistula","sore","ulcer","goiter"],{"jis213":"2-81-57","strokes":"14","ucs":"7618"}],["瘨","","","",["mad","ill"],{"jis213":"2-81-67","moro":"22420","strokes":"15","ucs":"7628"}],["皞","","","",["bright","brilliant"],{"jis213":"1-88-67","moro":"22771","strokes":"15","ucs":"769E"}],["皡","","","",["bright","brilliant"],{"jis213":"2-81-80","moro":"22771","strokes":"16","ucs":"76A1"}],["睘","","","",["round","stare"],{"jis213":"2-82-5","moro":"23432","strokes":"13","ucs":"7758"}],["瞤","","","",["to blink or twitch the eyes"],{"jis213":"2-82-17","moro":"23671","strokes":"17","ucs":"77A4"}],["瞩","","","",["watch carefully","stare at","focus on"],{"jis213":"2-82-18","moro":"23688","strokes":"17","ucs":"77A9"}],["砬","","","",["big stone"],{"jis213":"2-82-36","moro":"24108","strokes":"10","ucs":"782C"}],["硏","ケン","とぐ みがく","",["grind"],{"halpern_kkd":"1506","halpern_njecd":"1174","jis213":"1-89-3","moro":"24177","nelson_c":"3187","nelson_n":"4000","strokes":"11","ucs":"784F"}],["礮","","","",["ancient ballista for throwing heavy stones a cannon","a gun"],{"jis213":"1-89-16","moro":"24580","strokes":"21","ucs":"792E"}],["种","チュウ","おさない","",["seed","race","breed","to plant"],{"jis213":"2-82-82","moro":"24942","strokes":"9","ucs":"79CD"}],["窾","","","",["hole","hallow","empty"],{"jis213":"2-83-22","moro":"25655","strokes":"17","ucs":"7ABE"}],["筹","","","",["chip","tally","token","raise money"],{"jis213":"2-83-45","strokes":"13","ucs":"7B79"}],["篰","","","",["a bamboo basket"],{"jis213":"2-83-67","moro":"26390","strokes":"17","ucs":"7BF0"}],["簞","タン","はこ","jinmeiyou",["small bamboo basket for holding"],{"grade":"9","halpern_kkd":"3381","jis213":"1-89-73","moro":"26509","strokes":"18","ucs":"7C1E"}],["籯","","","",["bamboo chest","tubular bamboo case"],{"jis213":"2-83-81","moro":"26813","strokes":"26","ucs":"7C6F"}],["綠","リョク ロク","みどり","jinmeiyou",["green","chlorine"],{"grade":"10","halpern_kkd":"1748","halpern_njecd":"1383","jis213":"1-90-8","moro":"27541","nelson_n":"4529","strokes":"14","ucs":"7DA0"}],["緖","ショ チョ","お いとぐち","jinmeiyou",["end of thread","thread","clue"],{"grade":"10","halpern_kkd":"1768","halpern_njecd":"1399","jis213":"1-90-12","moro":"27633","nelson_c":"3570","nelson_n":"4535","strokes":"15","ucs":"7DD6"}],["緣","エン","ふち へり よる","jinmeiyou",["hem","margin","reason","cause","karma","fate"],{"grade":"10","halpern_kkd":"1763","halpern_njecd":"1394","jis213":"1-90-13","moro":"27656","nelson_n":"4554","strokes":"15","ucs":"7DE3"}],["耂","","","",["variant of radical 125"],{"halpern_kkd":"4282","halpern_njecd":"3471","jis213":"2-85-2","strokes":"6","ucs":"8002"}],["聃","","","",["ears without rims","a personal name"],{"jis213":"2-85-11","moro":"29039","strokes":"11","ucs":"8043"}],["肙","","","",["a small worm","to twist","to surround","empty"],{"jis213":"2-85-16","moro":"29269","strokes":"10","ucs":"8099"}],["肤","","","",["skin","superficial","shallow"],{"jis213":"2-85-18","moro":"29289","strokes":"11","ucs":"80A4"}],["胊","ク グ キョウ コク","","",["yoke"],{"jis213":"1-90-42","moro":"29360","strokes":"12","ucs":"80CA"}],["胦","","","",["the navel"],{"jis213":"2-85-25","moro":"29408","strokes":"12","ucs":"80E6"}],["脍","","","",["minced meat or fish"],{"jis213":"2-85-27","strokes":"13","ucs":"810D"}],["臁","","","",["calf"],{"jis213":"2-85-50","moro":"29941","strokes":"20","ucs":"81C1"}],["舄","シャク サク セキ タク","かささぎ","",["a shoe","the sole of a shoe","magpie"],{"jis213":"2-85-62","moro":"30206","strokes":"12","ucs":"8204"}],["艗","","","",["bow of junk"],{"jis213":"2-85-79","moro":"30509","strokes":"16","ucs":"8257"}],["艹","","","",["grass","radical number 140"],{"halpern_kkd":"4223","halpern_njecd":"3415","jis213":"2-85-86","moro":"30639","strokes":"6","ucs":"8279"}],["荣","","","",["glory","honor","flourish","prosper"],{"halpern_kkd":"2815","jis213":"2-14-42","strokes":"12","ucs":"8363"}],["菡","","","",["buds","lotus buds"],{"jis213":"1-91-2","moro":"31193","strokes":"14","ucs":"83E1"}],["蔛","","","",["a small orchid-like plant it bears white flowers a dendrobium"],{"jis213":"2-86-70","moro":"31808","strokes":"17","ucs":"851B"}],["蔾","","","",["kind of bramble"],{"jis213":"2-86-79","moro":"31892","strokes":"18","ucs":"853E"}],["薰","クン","かおる かおりぐさ かおり","jinmeiyou",["a medicinal herb","to cauterize"],{"grade":"10","halpern_kkd":"3018","jis213":"1-91-32","moro":"32192","nelson_c":"4077","nelson_n":"5226","strokes":"20","ucs":"85B0"}],["藙","","","",["dogwood"],{"jis213":"2-87-8","moro":"32317","strokes":"21","ucs":"85D9"}],["蘤","","","",["flower","blossoms"],{"jis213":"2-87-17","moro":"32502","strokes":"20","ucs":"8624"}],["虛","キョ コ","むなしい","jinmeiyou",["false","worthless","empty","hollow"],{"grade":"10","halpern_kkd":"4025","halpern_njecd":"3243","jis213":"1-91-46","moro":"32709","nelson_n":"5270","strokes":"12","ucs":"865B"}],["蚝","","","",["hairy and poisonous caterpillars"],{"jis213":"2-87-35","moro":"32883","strokes":"10","ucs":"869D"}],["蝼","","","",["a mole cricket","Gryllotalpa africana"],{"jis213":"2-87-67","moro":"33361","strokes":"15","ucs":"877C"}],["蟥","","","",["leech"],{"jis213":"2-87-85","moro":"33600","strokes":"18","ucs":"87E5"}],["蟬","セン ゼン","せみ","jinmeiyou",["cicada","continuous"],{"grade":"9","halpern_kkd":"1804","jis213":"1-91-66","moro":"33616","strokes":"18","ucs":"87EC"}],["覀","","","",["variant of radical 146"],{"halpern_kkd":"4335","halpern_njecd":"3523","jis213":"2-88-37","strokes":"7","ucs":"8980"}],["訡","","","",["to chant","to moan","to sigh"],{"jis213":"2-88-55","moro":"35269","strokes":"11","ucs":"8A21"}],["諐","","","",["fault"],{"jis213":"1-92-10","moro":"35650","strokes":"15","ucs":"8AD0"}],["賴","ライ","たのむ たよる たより","jinmeiyou",["rely","depend on","accuse falsely"],{"four_corner":"5798.6","grade":"10","halpern_kkd":"2042","halpern_njecd":"1616","jis213":"1-92-26","moro":"36861","nelson_c":"713","nelson_n":"5818","strokes":"16","ucs":"8CF4"}],["踌","","","",["hesitate","falter","smug","self-satisfied"],{"jis213":"2-89-30","strokes":"14","ucs":"8E0C"}],["躶","","","",["bare","nude","undress","strip"],{"jis213":"2-89-55","moro":"38099","strokes":"15","ucs":"8EB6"}],["轊","","","",["axle-tip"],{"jis213":"2-89-68","moro":"38508","strokes":"18","ucs":"8F4A"}],["郞","ロウ","おとこ","jinmeiyou",["gentleman"],{"grade":"10","halpern_kkd":"1859","halpern_njecd":"1467","jis213":"1-92-71","moro":"39431","nelson_c":"4763","nelson_n":"6139","strokes":"14","ucs":"90DE"}],["鄕","キョウ ゴウ","さと ふるさと さきに","",["country","rural","village"],{"halpern_kkd":"829","halpern_njecd":"673","jis213":"1-92-76","moro":"39571","nelson_c":"4771","strokes":"17","ucs":"9115"}],["酆","フウ ホウ","","",["name of Zhou period state"],{"jis213":"2-90-30","moro":"39749","strokes":"25","ucs":"9146"}],["釄","","","",["wine brew for the second time"],{"jis213":"2-90-45","moro":"40107","strokes":"26","ucs":"91C4"}],["錄","ロク リョ","しるす","jinmeiyou",["copy","write down","record"],{"grade":"10","halpern_kkd":"2192","halpern_njecd":"1745","jis213":"1-93-21","moro":"40519","nelson_n":"6303","strokes":"16","ucs":"9304"}],["鍊","レン","ねる","jinmeiyou",["smelt metals","forge","refine"],{"grade":"10","halpern_kkd":"2207","halpern_njecd":"1756","jis213":"1-93-27","moro":"40602","nelson_c":"4881","nelson_n":"6304","strokes":"17","ucs":"934A"}],["鍫","","","",["shovel"],{"halpern_kkd":"3520","jis213":"2-91-18","moro":"40642","strokes":"17","ucs":"936B"}],["鏵","","","",["spade","shovel","plowshare"],{"jis213":"2-91-28","moro":"40847","strokes":"20","ucs":"93F5"}],["閆","","","",["village gate"],{"jis213":"2-91-52","moro":"41219","strokes":"11","ucs":"9586"}],["阴","","","",["'female' principle","dark","secret"],{"jis213":"2-91-64","moro":"41579","strokes":"12","ucs":"9634"}],["隽","","","",["superior","outstanding","talented"],{"jis213":"2-91-79","moro":"41945","strokes":"10","ucs":"96BD"}],["霶","","","",["downpouring of rain"],{"jis213":"2-91-89","moro":"42487","strokes":"21","ucs":"9736"}],["頄","","","",["cheekbone"],{"jis213":"2-92-18","moro":"43339","strokes":"11","ucs":"9804"}],["颼","","","",["sound of wind","blow chilly"],{"jis213":"2-92-38","moro":"43921","strokes":"19","ucs":"98BC"}],["飇","ヒョウ","つむじかぜ","",["whirlwind","stormy gale"],{"jis213":"2-92-41","moro":"43964","strokes":"21","ucs":"98C7"}],["飠","","","",["eat","food","radical number 184"],{"halpern_kkd":"2556","halpern_njecd":"2061","jis213":"2-92-43","strokes":"9","ucs":"98E0"}],["飱","","","",["evening meal"],{"jis213":"2-92-50","moro":"44072","strokes":"13","ucs":"98F1"}],["驒","タン ダン ダ","まだらうま","",["dappled"],{"jis213":"1-94-20","moro":"45002","strokes":"22","ucs":"9A52"}],["驘","","","",["mule"],{"jis213":"2-93-5","moro":"45025","strokes":"23","ucs":"9A58"}],["骷","","","",["skeleton"],{"jis213":"2-93-9","moro":"45156","strokes":"15","ucs":"9AB7"}],["魲","ロ","","",["fish name"],{"jis213":"1-94-35","moro":"46019","strokes":"15","ucs":"9B72"}],["鱭","","","",["anchovy"],{"jis213":"2-93-89","moro":"46570","strokes":"25","ucs":"9C6D"}],["鱺","","","",["eel"],{"jis213":"2-93-94","moro":"46626","strokes":"30","ucs":"9C7A"}],["鵒","","","",["mynah bird"],{"jis213":"1-94-60","moro":"46926","strokes":"18","ucs":"9D52"}],["鶽","","","",["a hawk"],{"jis213":"2-94-33","moro":"47200","strokes":"21","ucs":"9DBD"}],["鷀","","","",["the fishing cormorant"],{"jis213":"1-94-66","moro":"47204","strokes":"21","ucs":"9DC0"}],["麽","","","",["interrogative final particle","insignificant","small","tiny"],{"jis213":"2-94-57","moro":"47893","strokes":"15","ucs":"9EBD"}],["黃","コウ オウ","き","jinmeiyou",["yellow","surname"],{"grade":"10","halpern_kkd":"3128","halpern_njecd":"2487","jis213":"1-94-81","moro":"47926","nelson_n":"7046","strokes":"12","ucs":"9EC3"}],["黑","コク","くろい くろ","jinmeiyou",["black","dark","evil","sinister"],{"grade":"10","halpern_kkd":"3462","halpern_njecd":"2787","jis213":"1-94-82","moro":"48038","nelson_n":"7053","strokes":"12","ucs":"9ED1"}],["欄","","","jinmeiyou",["railing","balustrade","animal pan"],{"grade":"10","halpern_kkd":"1426","halpern_njecd":"1109","jis213":"1-86-27","moro":"15904","nelson_c":"2402","nelson_n":"2915","strokes":"21","ucs":"F91D"}],["廊","","","jinmeiyou",["corridor","porch","veranda"],{"grade":"10","halpern_kkd":"3913","halpern_njecd":"3155","jis213":"1-84-14","moro":"9437","nelson_c":"1524","nelson_n":"1628","strokes":"12","ucs":"F928"}],["朗","","","jinmeiyou",["clear","bright","distinct"],{"grade":"10","halpern_kkd":"1889","halpern_njecd":"1495","jis213":"1-85-46","moro":"14364","nelson_c":"3769","nelson_n":"4813","strokes":"11","ucs":"F929"}],["虜","","","jinmeiyou",["capture","imprison","seize","prison"],{"grade":"10","halpern_kkd":"4026","halpern_njecd":"3244","jis213":"1-91-47","strokes":"12","ucs":"F936"}],["殺","","","",["kill","slaughter","murder","hurt"],{"halpern_kkd":"1881","halpern_njecd":"1488","jis213":"1-86-41","moro":"16638","nelson_c":"2455","nelson_n":"2995","strokes":"11","ucs":"F970"}],["類","","","jinmeiyou",["class","group","kind","category"],{"grade":"10","halpern_kkd":"2319","halpern_njecd":"1844","jis213":"1-94-4","moro":"43636","nelson_n":"6650","strokes":"19","ucs":"F9D0"}],["隆","","","",["prosperous","plentiful","abundant"],{"halpern_kkd":"767","halpern_njecd":"628","jis213":"1-93-61","moro":"41746","nelson_n":"6463","strokes":"17","ucs":"F9DC"}],["塚","チョウ","つか","",["cemetery","tomb"],{"halpern_kkd":"778","halpern_njecd":"633","jis213":"1-15-55","moro":"5345","nelson_c":"1104","nelson_n":"1060","strokes":"13","ucs":"FA10"}],["凞","キ","やわらぐ","",["bright"],{"halpern_kkd":"3589","jis213":"1-87-58","strokes":"16","ucs":"FA15"}],["猪","チョ","いのしし い","jinmeiyou",["pig"],{"grade":"9","halpern_kkd":"758","halpern_njecd":"621","jis213":"1-87-79","moro":"20534","nelson_c":"2900","nelson_n":"3589","strokes":"13","ucs":"FA16"}],["神","シン ジン","かみ こう たましい","jinmeiyou",["spirit"],{"grade":"10","halpern_kkd":"1484","halpern_njecd":"1154","jis213":"1-89-28","moro":"24673","nelson_n":"4088","strokes":"10","ucs":"FA19"}],["祥","ショウ","さいわい","jinmeiyou",["good luck"],{"grade":"10","halpern_kkd":"1507","halpern_njecd":"1176","jis213":"1-89-29","moro":"24689","nelson_n":"4091","strokes":"11","ucs":"FA1A"}],["福","フク","さいわい ひもろぎ","jinmeiyou",["happiness"],{"grade":"10","halpern_kkd":"1557","halpern_njecd":"1215","jis213":"1-89-33","moro":"24768","nelson_n":"4106","strokes":"14","ucs":"FA1B"}],["諸","ショ","もろ これ","jinmeiyou",["several"],{"grade":"10","halpern_kkd":"2017","halpern_njecd":"1602","jis213":"1-92-14","moro":"35743","nelson_c":"4395","nelson_n":"5650","strokes":"16","ucs":"FA22"}]]