{"title":"Cantodict","revision":"cantodict_2023-04-25T22:30:25.161Z","format":3,"url":"http://www.cantonese.sheik.co.uk/","description":"Cantodict was a Cantonese-English dictionary created and maintained by public contributors. It was abandoned, but the data was archived thanks to awong-dev at https://github.com/awong-dev/cantodict-archive.\nCreated with https://github.com/MarvNC/yomichan-dictionaries","author":"Cantodict contributors, Marv","attribution":"Cantodict contributors","frequencyMode":"rank-based"}