{"title":"青空文庫熟語","revision":"aozoraBunko_2022-08-26T05:50:26.124Z","format":3,"url":"https://www.aozora.gr.jp","description":"Rank-based jukugo frequencies made from Aozora Bunko\nData from https://vtrm.net/japanese/kanji-jukugo-frequency/en\nCreated with https://github.com/MarvNC/yomichan-dictionaries\nCaveats:\nJukugo which are absent from the dictionary entries are not reported in the data since the software has no way of knowing whether it encountered a legitimate jukugo or merely a juxtaposition of several words (e.g. when two or more nouns are combined together to form a new noun, or when a jukugo is used as an adverb).\n\nSometimes a compound word can be either a Sino-Japanese jukugo read in on’yomi, or a native Japanese word read in kun’yomi and sometimes accompanied with okurigana. For example, 蹌踉 can either be a taru-adjective or to-adverb of Chinese origin read そうろう, or the root of a Japanese verb whose dictionary form is 蹌踉めく and which is read よろめく. Keep in mind that the program I wrote doesn’t parse kana and doesn’t try to disambiguate kanji readings. Consequently, occurrences of 蹌踉 read そうろう and 蹌踉 read よろ aren’t distinguished and are grouped together in the statistics. So if you look at the data for kanji 蹌, the line corresponding to 蹌踉 refers to all occurrences of 蹌踉 in the corpus, whatever their respective readings is.\n\nDue to the parsing method used and to the imperfect nature of Chinese characters word segmentation algorithms, there is a small (negligible but non-zero) number of false positives and missed out words.","author":"vtrm, Marv","attribution":"青空文庫","frequencyMode":"rank-based"}