[["一","","","",["部首：一","意味：one, horizontal stroke","読み：いち","例：七　三　丈　不　丘　世"],{"画数":"1"}],["丨","","","",["部首：丨","意味：line, stick","読み：たてぼう","例：中"],{"画数":"1"}],["丶","","","",["部首：丶","意味：dot","読み：てん","例：丸　主"],{"画数":"1"}],["丿","","","",["部首：丿 ","意味：bend, stroke","読み：の","例：久　之　乎"],{"画数":"1"}],["","","","",["部首：丿 ","意味：bend, stroke","読み：の","例：久　之　乎"],{"画数":"1"}],["","","","",["部首：","意味：bend, stroke","読み：のかんむり"],{"画数":"1"}],["乙","","","",["部首：乙 ⺃","意味：the second","読み：おつ","例：九　也"],{"画数":"1"}],["⺃","","","",["部首：乙 ⺃","意味：the second","読み：おつ","例：九　也"],{"画数":"1"}],["⺃","","","",["部首：⺃","意味：the second","読み：おつ"],{"画数":"1"}],["亅","","","",["部首：亅","意味：hook, hook stick","読み：はねぼう","例：了　事"],{"画数":"1"}],["二","","","",["部首：二","意味：two","読み：に","例：五　井　些　亞"],{"画数":"2"}],["亠","","","",["部首：亠","意味：lid, top","読み：なべぶた","例：亡　交　京"],{"画数":"2"}],["人","","","",["部首：人 ⺅　\ud840　\udda2","意味：person","読み：ひと","例：仁　休　位　今"],{"画数":"2"}],["⺅","","","",["部首：人 ⺅　\ud840　\udda2","意味：person","読み：ひと","例：仁　休　位　今"],{"画数":"2"}],["⺅","","","",["部首：⺅","意味：person","読み：にんべん"],{"画数":"2"}],["\ud840","","","",["部首：人 ⺅　\ud840　\udda2","意味：person","読み：ひと","例：仁　休　位　今"],{"画数":"2"}],["\ud840","","","",["部首：⼊ \ud840　\udda2","意味：to enter","読み：いる","例：入　全　兩"],{"画数":"2"}],["\udda2","","","",["部首：人 ⺅　\ud840　\udda2","意味：person","読み：ひと","例：仁　休　位　今"],{"画数":"2"}],["\udda2","","","",["部首：⼊ \ud840　\udda2","意味：to enter","読み：いる","例：入　全　兩"],{"画数":"2"}],["儿","","","",["部首：儿","意味：human legs","読み：ひとあし","例：兄　元"],{"画数":"2"}],["⼊","","","",["部首：⼊ \ud840　\udda2","意味：to enter","読み：いる","例：入　全　兩"],{"画数":"2"}],["八","","","",["部首：八 ハ　","意味：eight","読み：はち","例：公　六　共　兵"],{"画数":"2"}],["ハ","","","",["部首：八 ハ　","意味：eight","読み：はち","例：公　六　共　兵"],{"画数":"2"}],["","","","",["部首：八 ハ　","意味：eight","読み：はち","例：公　六　共　兵"],{"画数":"2"}],["","","","",["部首：","意味：eight","読み：はちがしら"],{"画数":"2"}],["冂","","","",["部首：冂","意味：to enclose","読み：けいがまえ","例：内　再"],{"画数":"2"}],["冖","","","",["部首：冖","意味：cover, crown","読み：わかんむり","例：冗　冠"],{"画数":"2"}],["冫","","","",["部首：冫","意味：ice","読み：にすい","例：冬　冶　冷　凍"],{"画数":"2"}],["几","","","",["部首：几","意味：table","読み：きにょう","例：凡"],{"画数":"2"}],["凵","","","",["部首：凵","意味：container, open box","読み：かんにょう","例：凶　出　函"],{"画数":"2"}],["刀","","","",["部首：刀 刂　⺈","意味：knife, sword","読み：かたな","例：刀　分　切　初　利　刻　則　前"],{"画数":"2"}],["刂","","","",["部首：刀 刂　⺈","意味：knife, sword","読み：かたな","例：刀　分　切　初　利　刻　則　前"],{"画数":"2"}],["⺈","","","",["部首：刀 刂　⺈","意味：knife, sword","読み：かたな","例：刀　分　切　初　利　刻　則　前"],{"画数":"2"}],["力","","","",["部首：力","意味：power","読み：ちから","例：力　加　助　勉"],{"画数":"2"}],["勹","","","",["部首：勹","意味：to wrap","読み：つつみがまえ","例：勾　包"],{"画数":"2"}],["匕","","","",["部首：匕","意味：spoon","読み：さじ","例：化　北"],{"画数":"2"}],["匚","","","",["部首：匚","意味：box","読み：はこがまえ","例：匣"],{"画数":"2"}],["匸","","","",["部首：匸 匸","意味：to conceal, hide","読み：かくしがまえ","例：亡　 　妄　 　忙　 　忘　 　盲　 　荒　 　望　 　慌　 　網"],{"画数":"2"}],["匸","","","",["部首：匸 匸","意味：to conceal, hide","読み：かくしがまえ","例：亡　 　妄　 　忙　 　忘　 　盲　 　荒　 　望　 　慌　 　網"],{"画数":"2"}],["十","","","",["部首：十","意味：ten","読み：じゅう","例：十　千　午　半　博"],{"画数":"2"}],["卜","","","",["部首：卜 ⼘　⺊","意味：oracle, divination","読み：ぼく","例：占　卦"],{"画数":"2"}],["⼘","","","",["部首：卜 ⼘　⺊","意味：oracle, divination","読み：ぼく","例：占　卦"],{"画数":"2"}],["⺊","","","",["部首：卜 ⼘　⺊","意味：oracle, divination","読み：ぼく","例：占　卦"],{"画数":"2"}],["卩","","","",["部首：卩 㔾","意味：stamp, seal","読み：ふしづくり","例：印　危　卵"],{"画数":"2"}],["㔾","","","",["部首：卩 㔾","意味：stamp, seal","読み：ふしづくり","例：印　危　卵"],{"画数":"2"}],["厂","","","",["部首：厂","意味：cliff","読み：がんだれ","例：厚　原"],{"画数":"2"}],["厶","","","",["部首：厶","意味：private, Katakana Mu","読み：む","例：去　參"],{"画数":"2"}],["又","","","",["部首：又","意味：again, right hand","読み：また","例：友　反　取　受"],{"画数":"2"}],["口","","","",["部首：口 ","意味：mouth","読み：くち","例：口　古　可　名　君　否　呉　告　周　味　命　和　哲　唐　善　器"],{"画数":"3"}],["","","","",["部首：口 ","意味：mouth","読み：くち","例：口　古　可　名　君　否　呉　告　周　味　命　和　哲　唐　善　器"],{"画数":"3"}],["","","","",["部首：","意味：mouth","読み：くちへん"],{"画数":"3"}],["囗","","","",["部首：囗","意味：border, territorial boundaries","読み：くにがまえ","例：四　回　図　国"],{"画数":"3"}],["土","","","",["部首：土 ","意味：earth","読み：つち","例：土　在　地　型　城　場　壁　壓"],{"画数":"3"}],["","","","",["部首：土 ","意味：earth","読み：つち","例：土　在　地　型　城　場　壁　壓"],{"画数":"3"}],["","","","",["部首：","意味：earth","読み：つちへん"],{"画数":"3"}],["士","","","",["部首：士 ","意味：man, scholar, samurai","読み：さむらい","例：士　壹"],{"画数":"3"}],["","","","",["部首：士 ","意味：man, scholar, samurai","読み：さむらい","例：士　壹"],{"画数":"3"}],["","","","",["部首：","意味：man, scholar, samurai","読み：さむらいかんむり"],{"画数":"3"}],["夂","","","",["部首：夂","意味：to follow","読み：のまた","例：夏　 　夆"],{"画数":"3"}],["夊","","","",["部首：夊","意味：to go slowly","読み：なつあし"],{"画数":"3"}],["夕","","","",["部首：夕","意味：evening","読み：ゆうべ","例：夕　外　多　夜"],{"画数":"3"}],["大","","","",["部首：大","意味：large, big","読み：だい","例：大　天　奈　奧"],{"画数":"3"}],["女","","","",["部首：女 ","意味：woman","読み：おんな","例：女　好　妄　妻　姉　始　姓　姫"],{"画数":"3"}],["","","","",["部首：女 ","意味：woman","読み：おんな","例：女　好　妄　妻　姉　始　姓　姫"],{"画数":"3"}],["","","","",["部首：","意味：woman","読み：おんなへん"],{"画数":"3"}],["子","","","",["部首：子 ","意味：child, son","読み：こ","例：子　孔　字　學"],{"画数":"3"}],["","","","",["部首：子 ","意味：child, son","読み：こ","例：子　孔　字　學"],{"画数":"3"}],["","","","",["部首：","意味：child, son","読み：こへん"],{"画数":"3"}],["宀","","","",["部首：宀","意味：roof, house","読み：うかんむり","例：守　家　寒　實"],{"画数":"3"}],["寸","","","",["部首：寸 ","意味：inch, (2.25 cm)","読み：すん","例：寸　寺　尊　將"],{"画数":"3"}],["","","","",["部首：寸 ","意味：inch, (2.25 cm)","読み：すん","例：寸　寺　尊　將"],{"画数":"3"}],["","","","",["部首：","意味：inch, (2.25 cm)","読み：すんづくり"],{"画数":"3"}],["小","","","",["部首：小 ⺌　 　⺍","意味：small","読み：しょう","例：小　少"],{"画数":"3"}],["⺌","","","",["部首：小 ⺌　 　⺍","意味：small","読み：しょう","例：小　少"],{"画数":"3"}],["⺌","","","",["部首：⺌","意味：small","読み：しょうかんむり"],{"画数":"3"}],[" ","","","",["部首：小 ⺌　 　⺍","意味：small","読み：しょう","例：小　少"],{"画数":"3"}],[" ","","","",["部首：爪 爫　⺥　⺤　 　⺤","意味：claw, nail","読み：つめ","例：爬　 　爯　 　爭　 　爰　 　爲"],{"画数":"4"}],[" ","","","",["部首：牛 牜　 　⺧　","意味：cow","読み：うし","例：告　 　牟　 　牧　 　物　 　特　 　解"],{"画数":"4"}],["⺍","","","",["部首：小 ⺌　 　⺍","意味：small","読み：しょう","例：小　少"],{"画数":"3"}],["尢","","","",["部首：尢 尤　尣","意味：disabled, lame leg","読み：だいのまげあし","例：就"],{"画数":"3"}],["尤","","","",["部首：尢 尤　尣","意味：disabled, lame leg","読み：だいのまげあし","例：就"],{"画数":"3"}],["尣","","","",["部首：尢 尤　尣","意味：disabled, lame leg","読み：だいのまげあし","例：就"],{"画数":"3"}],["尸","","","",["部首：尸","意味：corpse","読み：しかばね","例：尺　局"],{"画数":"3"}],["屮","","","",["部首：屮","意味：sprout","読み：くさのめ","例：屯"],{"画数":"3"}],["山","","","",["部首：山 　","意味：mountain","読み：やま","例：山　岡　岩　島"],{"画数":"3"}],["","","","",["部首：山 　","意味：mountain","読み：やま","例：山　岡　岩　島"],{"画数":"3"}],["","","","",["部首：","意味：mountain","読み：やまへん"],{"画数":"3"}],["","","","",["部首：山 　","意味：mountain","読み：やま","例：山　岡　岩　島"],{"画数":"3"}],["","","","",["部首：","意味：mountain","読み：やまかんむり"],{"画数":"3"}],["巛","","","",["部首：巛 川　巜","意味：river","読み：まがりがわ","例：川　州　巡"],{"画数":"3"}],["川","","","",["部首：巛 川　巜","意味：river","読み：まがりがわ","例：川　州　巡"],{"画数":"3"}],["川","","","",["部首：川","意味：river","読み：さんぼんがわ"],{"画数":"3"}],["巜","","","",["部首：巛 川　巜","意味：river","読み：まがりがわ","例：川　州　巡"],{"画数":"3"}],["工","","","",["部首：工 ","意味：work, carpenter, skill","読み：たくみ","例：工　左　巫　差"],{"画数":"3"}],["","","","",["部首：工 ","意味：work, carpenter, skill","読み：たくみ","例：工　左　巫　差"],{"画数":"3"}],["","","","",["部首：","意味：work, carpenter, skill","読み：たくみへん"],{"画数":"3"}],["已","","","",["部首：已 己　巳","意味：oneself","読み：おのれ","例：己　巳"],{"画数":"3"}],["己","","","",["部首：已 己　巳","意味：oneself","読み：おのれ","例：己　巳"],{"画数":"3"}],["己","","","",["部首：己","意味：oneself","読み：おのれ"],{"画数":"3"}],["巳","","","",["部首：已 己　巳","意味：oneself","読み：おのれ","例：己　巳"],{"画数":"3"}],["巳","","","",["部首：巳","意味：oneself","読み：おのれ"],{"画数":"3"}],["巾","","","",["部首：巾 ","意味：cloth","読み：はば","例：市　布　帝　常"],{"画数":"3"}],["","","","",["部首：巾 ","意味：cloth","読み：はば","例：市　布　帝　常"],{"画数":"3"}],["","","","",["部首：","意味：cloth","読み：はばへん"],{"画数":"3"}],["干","","","",["部首：干","意味：to dry, shield","読み：かん","例：平　年"],{"画数":"3"}],["幺","","","",["部首：幺","意味：young, slight","読み：いとがしら","例：幻　幼"],{"画数":"3"}],["广","","","",["部首：广","意味：slanting roof","読み：まだれ","例：序　店　府　度　座　庭　廣　廳"],{"画数":"3"}],["廴","","","",["部首：廴","意味：to move, stretch","読み：えんにょう","例：延"],{"画数":"3"}],["廾","","","",["部首：廾","意味：folded hands","読み：にじゅうあし","例：弁"],{"画数":"3"}],["弋","","","",["部首：弋","意味：javelin","読み：いぐるみ","例：式　弑"],{"画数":"3"}],["弓","","","",["部首：弓 ","意味：bow （in archery）","読み：ゆみ","例：弓　引　弟　弱　彌"],{"画数":"3"}],["","","","",["部首：弓 ","意味：bow （in archery）","読み：ゆみ","例：弓　引　弟　弱　彌"],{"画数":"3"}],["","","","",["部首：","意味：bow （in archery）","読み：ゆみへん"],{"画数":"3"}],["彐","","","",["部首：彐 ⺕　⺔　彑","意味：pig’s head","読み：けいがしら","例：彖"],{"画数":"3"}],["⺕","","","",["部首：彐 ⺕　⺔　彑","意味：pig’s head","読み：けいがしら","例：彖"],{"画数":"3"}],["⺕","","","",["部首：⺕","意味：pig’s head","読み：けいがしら"],{"画数":"3"}],["⺔","","","",["部首：彐 ⺕　⺔　彑","意味：pig’s head","読み：けいがしら","例：彖"],{"画数":"3"}],["⺔","","","",["部首：⺔","意味：pig’s head","読み：けいがしら"],{"画数":"3"}],["彑","","","",["部首：彐 ⺕　⺔　彑","意味：pig’s head","読み：けいがしら","例：彖"],{"画数":"3"}],["彡","","","",["部首：彡","意味：hair-style, light rays","読み：さんづくり","例：形　彦"],{"画数":"3"}],["彳","","","",["部首：彳","意味：step, stride, street, to go","読み：ぎょうにんべん","例：役　彼　後　得　徳　徼"],{"画数":"3"}],["心","","","",["部首：心 忄　⺗","意味：heart, mind, spirit","読み：こころ","例：必　忙　忌　性　悪　情　想"],{"画数":"4"}],["忄","","","",["部首：心 忄　⺗","意味：heart, mind, spirit","読み：こころ","例：必　忙　忌　性　悪　情　想"],{"画数":"4"}],["⺗","","","",["部首：心 忄　⺗","意味：heart, mind, spirit","読み：こころ","例：必　忙　忌　性　悪　情　想"],{"画数":"4"}],["⺗","","","",["部首：⺗","意味：heart, mind, spirit","読み：したごころ"],{"画数":"4"}],["戈","","","",["部首：戈","意味：spear, weapon","読み：ほこ","例：成　式　弐　戦"],{"画数":"4"}],["戸","","","",["部首：戸 戶　户　","意味：door","読み：と","例：戸　戻　所"],{"画数":"4"}],["戶","","","",["部首：戸 戶　户　","意味：door","読み：と","例：戸　戻　所"],{"画数":"4"}],["户","","","",["部首：戸 戶　户　","意味：door","読み：と","例：戸　戻　所"],{"画数":"4"}],["","","","",["部首：戸 戶　户　","意味：door","読み：と","例：戸　戻　所"],{"画数":"4"}],["","","","",["部首：","意味：door","読み：とだれ"],{"画数":"4"}],["手","","","",["部首：手 ⺘　扌　龵","意味：hand","読み：て","例：手　 　才　 　挙　 　拜　 　拳　 　掌　 　掣　 　擧　 　(　持　 　掛　 　打　 　批　 　技　 　抱　 　押　)"],{"画数":"4"}],["⺘","","","",["部首：手 ⺘　扌　龵","意味：hand","読み：て","例：手　 　才　 　挙　 　拜　 　拳　 　掌　 　掣　 　擧　 　(　持　 　掛　 　打　 　批　 　技　 　抱　 　押　)"],{"画数":"4"}],["⺘","","","",["部首：⺘","意味：hand","読み：てへん"],{"画数":"3"}],["扌","","","",["部首：手 ⺘　扌　龵","意味：hand","読み：て","例：手　 　才　 　挙　 　拜　 　拳　 　掌　 　掣　 　擧　 　(　持　 　掛　 　打　 　批　 　技　 　抱　 　押　)"],{"画数":"4"}],["龵","","","",["部首：手 ⺘　扌　龵","意味：hand","読み：て","例：手　 　才　 　挙　 　拜　 　拳　 　掌　 　掣　 　擧　 　(　持　 　掛　 　打　 　批　 　技　 　抱　 　押　)"],{"画数":"4"}],["支","","","",["部首：支","意味：branch","読み：しにょう","例：攱　攲"],{"画数":"4"}],["攵","","","",["部首：攵 攴","意味：activity, to strike, hit","読み：ぼくづくり","例：收　敍　數　斅"],{"画数":"4"}],["攴","","","",["部首：攵 攴","意味：activity, to strike, hit","読み：ぼくづくり","例：收　敍　數　斅"],{"画数":"4"}],["文","","","",["部首：文","意味：literature, letters","読み：ぶん","例：文　 　斊　 　斈　 　斌　 　斐　 　斑　 　斕"],{"画数":"4"}],["斗","","","",["部首：斗","意味：big dipper, ladle, 18 liters","読み：ますづくり","例：料　 　斡"],{"画数":"4"}],["斤","","","",["部首：斤","意味：axe","読み：おのづくり","例：斦　 　斧　 　新　 　斥　 　斬　 　斷"],{"画数":"4"}],["方","","","",["部首：方 ","意味：direction, flag","読み：ほう","例：方　 　放　 　旅　 　族"],{"画数":"4"}],["","","","",["部首：方 ","意味：direction, flag","読み：ほう","例：方　 　放　 　旅　 　族"],{"画数":"4"}],["","","","",["部首：","意味：direction, flag","読み：ほうへん"],{"画数":"4"}],["无","","","",["部首：无 旡","意味：not","読み：むにょう","例：无　 　旡　 　既　 　旣"],{"画数":"4"}],["旡","","","",["部首：无 旡","意味：not","読み：むにょう","例：无　 　旡　 　既　 　旣"],{"画数":"4"}],["日","","","",["部首：日 ","意味：sun, day, time","読み：ひ","例：日　白　百　明　的　映　時　晩"],{"画数":"4"}],["","","","",["部首：日 ","意味：sun, day, time","読み：ひ","例：日　白　百　明　的　映　時　晩"],{"画数":"4"}],["","","","",["部首：","意味：sun, day, time","読み：ひへん"],{"画数":"4"}],["曰","","","",["部首：曰","意味：to say","読み：ひらび","例：書　 　最　 　晉　 　曷　 　曹　 　曾"],{"画数":"4"}],["月","","","",["部首：月 ⺝","意味：moon, month, period","読み：つき","例：有　 　服　 　青　 　朝"],{"画数":"4"}],["月","","","",["部首：肉 ⺼　月","意味：flesh, meat","読み：にく","例：肉　 　肖　 　股　 　胃　 　腅　 　脤"],{"画数":"6"}],["⺝","","","",["部首：月 ⺝","意味：moon, month, period","読み：つき","例：有　 　服　 　青　 　朝"],{"画数":"4"}],["⺝","","","",["部首：⺝","意味：moon, month, period","読み：つきへん"],{"画数":"4"}],["木","","","",["部首：木 ","意味：tree, wood","読み：き","例：木　 　杢　 　板　 　相　 　根　 　森　 　楽　 　機　 　末　 　本　 　杉　 　林"],{"画数":"4"}],["","","","",["部首：木 ","意味：tree, wood","読み：き","例：木　 　杢　 　板　 　相　 　根　 　森　 　楽　 　機　 　末　 　本　 　杉　 　林"],{"画数":"4"}],["","","","",["部首：","意味：tree, wood","読み：きへん"],{"画数":"4"}],["欠","","","",["部首：欠","意味：to lack, yawn","読み：あくび","例：欣　 　欽　 　欧　 　欲　 　歌"],{"画数":"4"}],["止","","","",["部首：止","意味：to stop","読み：とめる","例：正　 　歩　 　此　 　步　 　武　 　歪　 　歲"],{"画数":"4"}],["歹","","","",["部首：歹 歺　","意味：death & dying, to decompose","読み：がつ","例：死　 　列　 　殕"],{"画数":"4"}],["歺","","","",["部首：歹 歺　","意味：death & dying, to decompose","読み：がつ","例：死　 　列　 　殕"],{"画数":"4"}],["","","","",["部首：歹 歺　","意味：death & dying, to decompose","読み：がつ","例：死　 　列　 　殕"],{"画数":"4"}],["","","","",["部首：","意味：death & dying, to decompose","読み：がつへん"],{"画数":"4"}],["殳","","","",["部首：殳","意味：lance shaft, action","読み：るまた","例：役　 　投　 　殴　 　殷"],{"画数":"4"}],["毋","","","",["部首：毋 ⺟","意味：not, mother","読み：なかれ","例：毋　 　母　 　毎　 　姆　 　梅"],{"画数":"4"}],["⺟","","","",["部首：毋 ⺟","意味：not, mother","読み：なかれ","例：毋　 　母　 　毎　 　姆　 　梅"],{"画数":"4"}],["比","","","",["部首：比","意味：to compare","読み：くらべる","例：皆　 　批　 　毕　 　毖　 　毘　 　毚"],{"画数":"4"}],["毛","","","",["部首：毛","意味：hair","読み：け","例：毟　 　毡　 　毦　 　毫　 　毳　 　耗"],{"画数":"4"}],["氏","","","",["部首：氏","意味：family, clan","読み：うじ","例：氏　 　民　 　紙　 　婚　 　氓"],{"画数":"4"}],["气","","","",["部首：气","意味：steam, air","読み：きがまえ","例：気　 　汽　 　氧"],{"画数":"4"}],["水","","","",["部首：水 ⺡　氵　氺","意味：water","読み：みず","例：水　 　永　 　泳　 　決　 　治　 　海　 　演　 　漢　 　瀬"],{"画数":"4"}],["⺡","","","",["部首：水 ⺡　氵　氺","意味：water","読み：みず","例：水　 　永　 　泳　 　決　 　治　 　海　 　演　 　漢　 　瀬"],{"画数":"4"}],["⺡","","","",["部首：⺡","意味：water","読み：さんずい"],{"画数":"3"}],["氵","","","",["部首：水 ⺡　氵　氺","意味：water","読み：みず","例：水　 　永　 　泳　 　決　 　治　 　海　 　演　 　漢　 　瀬"],{"画数":"4"}],["氺","","","",["部首：水 ⺡　氵　氺","意味：water","読み：みず","例：水　 　永　 　泳　 　決　 　治　 　海　 　演　 　漢　 　瀬"],{"画数":"4"}],["氺","","","",["部首：氺","意味：water","読み：したみず"],{"画数":"5"}],["火","","","",["部首：火 灬　","意味：fire","読み：ひ","例：火　 　灯　 　毯　 　爆　 　(　烈　 　烹　 　焦　 　然　 　煮　)"],{"画数":"4"}],["灬","","","",["部首：火 灬　","意味：fire","読み：ひ","例：火　 　灯　 　毯　 　爆　 　(　烈　 　烹　 　焦　 　然　 　煮　)"],{"画数":"4"}],["","","","",["部首：火 灬　","意味：fire","読み：ひ","例：火　 　灯　 　毯　 　爆　 　(　烈　 　烹　 　焦　 　然　 　煮　)"],{"画数":"4"}],["","","","",["部首：","意味：fire","読み：ひへん"],{"画数":"4"}],["爪","","","",["部首：爪 爫　⺥　⺤　 　⺤","意味：claw, nail","読み：つめ","例：爬　 　爯　 　爭　 　爰　 　爲"],{"画数":"4"}],["爫","","","",["部首：爪 爫　⺥　⺤　 　⺤","意味：claw, nail","読み：つめ","例：爬　 　爯　 　爭　 　爰　 　爲"],{"画数":"4"}],["爫","","","",["部首：爫","意味：claw, nail","読み：つめかんむり"],{"画数":"4"}],["⺥","","","",["部首：爪 爫　⺥　⺤　 　⺤","意味：claw, nail","読み：つめ","例：爬　 　爯　 　爭　 　爰　 　爲"],{"画数":"4"}],["⺤","","","",["部首：爪 爫　⺥　⺤　 　⺤","意味：claw, nail","読み：つめ","例：爬　 　爯　 　爭　 　爰　 　爲"],{"画数":"4"}],["⺤","","","",["部首：爪 爫　⺥　⺤　 　⺤","意味：claw, nail","読み：つめ","例：爬　 　爯　 　爭　 　爰　 　爲"],{"画数":"4"}],["⺤","","","",["部首：⺤","意味：claw, nail","読み：つめかんむり"],{"画数":"4"}],["父","","","",["部首：父","意味：father","読み：ちち","例：斧　 　釜"],{"画数":"4"}],["爻","","","",["部首：爻","意味：to mix","読み：こう","例：爼　 　爽　 　爾"],{"画数":"4"}],["爿","","","",["部首：爿 丬","意味：split wood","読み：しょうへん","例：牀　 　奘　 　牃"],{"画数":"4"}],["丬","","","",["部首：爿 丬","意味：split wood","読み：しょうへん","例：牀　 　奘　 　牃"],{"画数":"4"}],["片","","","",["部首：片 ","意味：slice","読み：かた","例：版　 　牌　 　牒"],{"画数":"4"}],["","","","",["部首：片 ","意味：slice","読み：かた","例：版　 　牌　 　牒"],{"画数":"4"}],["","","","",["部首：","意味：slice","読み：かたへん"],{"画数":"4"}],["牙","","","",["部首：牙 　","意味：fang, canine tooth","読み：きば","例：芽　 　呀　 　牚"],{"画数":"5"}],["","","","",["部首：牙 　","意味：fang, canine tooth","読み：きば","例：芽　 　呀　 　牚"],{"画数":"5"}],["","","","",["部首：","意味：fang, canine tooth","読み：きば"],{"画数":"4"}],["","","","",["部首：牙 　","意味：fang, canine tooth","読み：きば","例：芽　 　呀　 　牚"],{"画数":"5"}],["","","","",["部首：","意味：fang, canine tooth","読み：きばへん"],{"画数":"5"}],["牛","","","",["部首：牛 牜　 　⺧　","意味：cow","読み：うし","例：告　 　牟　 　牧　 　物　 　特　 　解"],{"画数":"4"}],["牜","","","",["部首：牛 牜　 　⺧　","意味：cow","読み：うし","例：告　 　牟　 　牧　 　物　 　特　 　解"],{"画数":"4"}],["⺧","","","",["部首：牛 牜　 　⺧　","意味：cow","読み：うし","例：告　 　牟　 　牧　 　物　 　特　 　解"],{"画数":"4"}],["","","","",["部首：牛 牜　 　⺧　","意味：cow","読み：うし","例：告　 　牟　 　牧　 　物　 　特　 　解"],{"画数":"4"}],["","","","",["部首：","意味：cow","読み：うしへん"],{"画数":"4"}],["犬","","","",["部首：犬 犭","意味：dog","読み：いぬ","例：犬　 　犯　 　狂　 　狙　 　狗　 　献　 　獣"],{"画数":"4"}],["犭","","","",["部首：犬 犭","意味：dog","読み：いぬ","例：犬　 　犯　 　狂　 　狙　 　狗　 　献　 　獣"],{"画数":"4"}],["玄","","","",["部首：玄","意味：darkness","読み：げん","例：弦　玆"],{"画数":"5"}],["王","","","",["部首：王 玊　玉　⺩","意味：jewelry, king","読み：たま","例：王　 　玉　 　主　 　弄　 　皇　 　理　 　差　 　聖"],{"画数":"5"}],["玊","","","",["部首：王 玊　玉　⺩","意味：jewelry, king","読み：たま","例：王　 　玉　 　主　 　弄　 　皇　 　理　 　差　 　聖"],{"画数":"5"}],["玊","","","",["部首：玊","意味：jewelry, king","読み：たま"],{"画数":"5"}],["玉","","","",["部首：王 玊　玉　⺩","意味：jewelry, king","読み：たま","例：王　 　玉　 　主　 　弄　 　皇　 　理　 　差　 　聖"],{"画数":"5"}],["玉","","","",["部首：玉","意味：jewelry, king","読み：たま"],{"画数":"5"}],["⺩","","","",["部首：王 玊　玉　⺩","意味：jewelry, king","読み：たま","例：王　 　玉　 　主　 　弄　 　皇　 　理　 　差　 　聖"],{"画数":"5"}],["瓜","","","",["部首：瓜 ","意味：melon","読み：うり","例：呱　 　瓞"],{"画数":"6"}],["","","","",["部首：瓜 ","意味：melon","読み：うり","例：呱　 　瓞"],{"画数":"6"}],["","","","",["部首：","意味：melon","読み：うり"],{"画数":"5"}],["瓦","","","",["部首：瓦","意味：tile","読み：かわら","例：瓧　 　瓮　 　甄"],{"画数":"5"}],["甘","","","",["部首：甘","意味：sweet","読み：あまい","例：柑　 　甜　 　酣"],{"画数":"5"}],["生","","","",["部首：生","意味：birth, life","読み：うまれる","例：牲　 　笙　 　甥"],{"画数":"5"}],["用","","","",["部首：用 甩","意味：to use","読み：もちいる","例：佣　 　甬　 　甯"],{"画数":"5"}],["甩","","","",["部首：用 甩","意味：to use","読み：もちいる","例：佣　 　甬　 　甯"],{"画数":"5"}],["田","","","",["部首：田 ","意味：rice paddy, field","読み：た","例：田　 　町　 　思　 　留　 　略　 　番"],{"画数":"5"}],["","","","",["部首：田 ","意味：rice paddy, field","読み：た","例：田　 　町　 　思　 　留　 　略　 　番"],{"画数":"5"}],["","","","",["部首：","意味：rice paddy","読み：たへん"],{"画数":"5"}],["疋","","","",["部首：疋 ⺪","意味：bolt of cloth","読み：ひき","例：疏　 　楚　 　胥　 　延"],{"画数":"5"}],["⺪","","","",["部首：疋 ⺪","意味：bolt of cloth","読み：ひき","例：疏　 　楚　 　胥　 　延"],{"画数":"5"}],["⺪","","","",["部首：⺪","意味：bolt of cloth","読み：ひきへん"],{"画数":"5"}],["疒","","","",["部首：疒","意味：sickness","読み：やまいだれ","例：病　 　症　 　痛　 　癌　 　癖"],{"画数":"5"}],["癶","","","",["部首：癶","意味：outspread legs, departure","読み：はつがしら","例：発　 　登"],{"画数":"5"}],["白","","","",["部首：白 ","意味：white","読み：しろ","例：皃　 　的　 　皆　 　皇"],{"画数":"5"}],["","","","",["部首：白 ","意味：white","読み：しろ","例：皃　 　的　 　皆　 　皇"],{"画数":"5"}],["","","","",["部首：","意味：white","読み：はくへん"],{"画数":"5"}],["皮","","","",["部首：皮","意味：skin, hide","読み：けがわ","例：披　 　彼　 　波"],{"画数":"5"}],["皿","","","",["部首：皿","意味：plate, bowl","読み：さら","例：盂　 　盉　 　盍　 　監　 　蘯"],{"画数":"5"}],["目","","","",["部首：目 　","意味：eye","読み：め","例：目　 　見　 　具　 　省　 　眠　 　眼　 　観　 　覧"],{"画数":"5"}],["","","","",["部首：目 　","意味：eye","読み：め","例：目　 　見　 　具　 　省　 　眠　 　眼　 　観　 　覧"],{"画数":"5"}],["","","","",["部首：","意味：eye","読み：めへん"],{"画数":"5"}],["","","","",["部首：目 　","意味：eye","読み：め","例：目　 　見　 　具　 　省　 　眠　 　眼　 　観　 　覧"],{"画数":"5"}],["","","","",["部首：","意味：eye","読み：よこめ"],{"画数":"5"}],["矛","","","",["部首：矛 ","意味：halberd","読み：ほこ","例：茅　 　矜"],{"画数":"5"}],["","","","",["部首：矛 ","意味：halberd","読み：ほこ","例：茅　 　矜"],{"画数":"5"}],["","","","",["部首：","意味：halberd","読み：ほこへん"],{"画数":"5"}],["矢","","","",["部首：矢 ","意味：arrow","読み：や","例：医　 　族　 　矩"],{"画数":"5"}],["","","","",["部首：矢 ","意味：arrow","読み：や","例：医　 　族　 　矩"],{"画数":"5"}],["","","","",["部首：","意味：arrow","読み：やへん"],{"画数":"5"}],["石","","","",["部首：石","意味：stone","読み：いし","例：石　 　岩　 　砂　 　破　 　碑　 　碧"],{"画数":"5"}],["示","","","",["部首：示 ⺭","意味：altar, festival, religious service","読み：しめす","例：示　 　奈　 　祭　 　禁　 　礼　 　社　 　神　 　視　 　福"],{"画数":"5"}],["⺭","","","",["部首：示 ⺭","意味：altar, festival, religious service","読み：しめす","例：示　 　奈　 　祭　 　禁　 　礼　 　社　 　神　 　視　 　福"],{"画数":"5"}],["⺭","","","",["部首：⺭","意味：altar, festival, religious service","読み：しめすへん"],{"画数":"4"}],["禸","","","",["部首：禸","意味：footprint","読み：じゅうのあし","例：禹　 　禺　 　禽"],{"画数":"5"}],["禾","","","",["部首：禾","意味：grain","読み：のぎへん","例：利　 　私　 　季　 　和　 　科　 　香　 　秦　 　穀"],{"画数":"5"}],["穴","","","",["部首：穴 ","意味：hole, cave","読み：あな","例：空　 　突　 　窅　 　窘　 　窩　 　窶　 　竇"],{"画数":"5"}],["","","","",["部首：穴 ","意味：hole, cave","読み：あな","例：空　 　突　 　窅　 　窘　 　窩　 　窶　 　竇"],{"画数":"5"}],["","","","",["部首：","意味：hole, cave","読み：あなかんむり"],{"画数":"5"}],["立","","","",["部首：立 ","意味：to stand","読み：たつ","例：立　 　音　 　産　 　翌　 　意　 　新　 　端　 　親　 　競"],{"画数":"5"}],["","","","",["部首：立 ","意味：to stand","読み：たつ","例：立　 　音　 　産　 　翌　 　意　 　新　 　端　 　親　 　競"],{"画数":"5"}],["","","","",["部首：","意味：to stand","読み：たつへん"],{"画数":"5"}],["竹","","","",["部首：竹 ⺮","意味：bamboo","読み：たけ","例：竺　 　笑　 　第　 　等　 　簡"],{"画数":"6"}],["⺮","","","",["部首：竹 ⺮","意味：bamboo","読み：たけ","例：竺　 　笑　 　第　 　等　 　簡"],{"画数":"6"}],["⺮","","","",["部首：⺮","意味：bamboo","読み：たけかんむり"],{"画数":"6"}],["米","","","",["部首：米 ","意味：rice","読み：こめ","例：料　 　断　 　奥　 　糊　 　麟"],{"画数":"6"}],["","","","",["部首：米 ","意味：rice","読み：こめ","例：料　 　断　 　奥　 　糊　 　麟"],{"画数":"6"}],["","","","",["部首：","意味：rice","読み：こめへん"],{"画数":"6"}],["糸","","","",["部首：糸 　糹","意味：thread","読み：いと","例：系　 　級　 　紙　 　素　 　細　 　組　 　終　 　絵　 　紫"],{"画数":"6"}],["","","","",["部首：糸 　糹","意味：thread","読み：いと","例：系　 　級　 　紙　 　素　 　細　 　組　 　終　 　絵　 　紫"],{"画数":"6"}],["","","","",["部首：","意味：thread","読み：いとへん"],{"画数":"6"}],["糹","","","",["部首：糸 　糹","意味：thread","読み：いと","例：系　 　級　 　紙　 　素　 　細　 　組　 　終　 　絵　 　紫"],{"画数":"6"}],["缶","","","",["部首：缶","意味：earthen jar","読み：みずがめ","例：缶　 　缸　 　窑　 　陶"],{"画数":"6"}],["罒","","","",["部首：罒 网　⽹　⺳　㓁　罓　⺲　\ud858　\ude70","意味：net","読み：あみがしら","例：買　 　置　 　羅"],{"画数":"6"}],["网","","","",["部首：罒 网　⽹　⺳　㓁　罓　⺲　\ud858　\ude70","意味：net","読み：あみがしら","例：買　 　置　 　羅"],{"画数":"6"}],["⽹","","","",["部首：罒 网　⽹　⺳　㓁　罓　⺲　\ud858　\ude70","意味：net","読み：あみがしら","例：買　 　置　 　羅"],{"画数":"6"}],["⽹","","","",["部首：⽹","意味：net","読み：あみめ"],{"画数":"6"}],["⺳","","","",["部首：罒 网　⽹　⺳　㓁　罓　⺲　\ud858　\ude70","意味：net","読み：あみがしら","例：買　 　置　 　羅"],{"画数":"6"}],["㓁","","","",["部首：罒 网　⽹　⺳　㓁　罓　⺲　\ud858　\ude70","意味：net","読み：あみがしら","例：買　 　置　 　羅"],{"画数":"6"}],["㓁","","","",["部首：㓁","意味：net","読み：あみがしら"],{"画数":"4"}],["罓","","","",["部首：罒 网　⽹　⺳　㓁　罓　⺲　\ud858　\ude70","意味：net","読み：あみがしら","例：買　 　置　 　羅"],{"画数":"6"}],["⺲","","","",["部首：罒 网　⽹　⺳　㓁　罓　⺲　\ud858　\ude70","意味：net","読み：あみがしら","例：買　 　置　 　羅"],{"画数":"6"}],["\ud858","","","",["部首：罒 网　⽹　⺳　㓁　罓　⺲　\ud858　\ude70","意味：net","読み：あみがしら","例：買　 　置　 　羅"],{"画数":"6"}],["\ude70","","","",["部首：罒 网　⽹　⺳　㓁　罓　⺲　\ud858　\ude70","意味：net","読み：あみがしら","例：買　 　置　 　羅"],{"画数":"6"}],["羊","","","",["部首：羊 ⺷　⺶","意味：sheep","読み：ひつじ","例：着　 　羚　 　翔　 　着"],{"画数":"6"}],["⺷","","","",["部首：羊 ⺷　⺶","意味：sheep","読み：ひつじ","例：着　 　羚　 　翔　 　着"],{"画数":"6"}],["⺷","","","",["部首：⺷","意味：sheep","読み：ひつじ"],{"画数":"6"}],["⺶","","","",["部首：羊 ⺷　⺶","意味：sheep","読み：ひつじ","例：着　 　羚　 　翔　 　着"],{"画数":"6"}],["羽","","","",["部首：羽 ⽻","意味：feather, wing","読み：はね","例：習　 　翀　 　翁　 　翔"],{"画数":"6"}],["⽻","","","",["部首：羽 ⽻","意味：feather, wing","読み：はね","例：習　 　翀　 　翁　 　翔"],{"画数":"6"}],["⽻","","","",["部首：⽻","意味：feather, wing","読み：はね"],{"画数":"6"}],["耂","","","",["部首：耂 老　⺹","意味：old, old-age","読み：おいかんむり","例：耆　孝　耋"],{"画数":"4"}],["老","","","",["部首：耂 老　⺹","意味：old, old-age","読み：おいかんむり","例：耆　孝　耋"],{"画数":"4"}],["⺹","","","",["部首：耂 老　⺹","意味：old, old-age","読み：おいかんむり","例：耆　孝　耋"],{"画数":"4"}],["而","","","",["部首：而","意味：and also","読み：しこうして","例：耎　耐　耑"],{"画数":"6"}],["耒","","","",["部首：耒","意味：plow","読み：らいすき","例：耔　 　耝　 　耨　 　耰"],{"画数":"6"}],["耳","","","",["部首：耳 ","意味：ear","読み：みみ","例：取　 　聞　 　職　 　叢"],{"画数":"6"}],["","","","",["部首：耳 ","意味：ear","読み：みみ","例：取　 　聞　 　職　 　叢"],{"画数":"6"}],["","","","",["部首：","意味：ear","読み：みみへん"],{"画数":"6"}],["聿","","","",["部首：聿 ⺻","意味：writing brush","読み：ふでづくり","例：律　 　書　 　建"],{"画数":"6"}],["⺻","","","",["部首：聿 ⺻","意味：writing brush","読み：ふでづくり","例：律　 　書　 　建"],{"画数":"6"}],["肉","","","",["部首：肉 ⺼　月","意味：flesh, meat","読み：にく","例：肉　 　肖　 　股　 　胃　 　腅　 　脤"],{"画数":"6"}],["⺼","","","",["部首：肉 ⺼　月","意味：flesh, meat","読み：にく","例：肉　 　肖　 　股　 　胃　 　腅　 　脤"],{"画数":"6"}],["臣","","","",["部首：臣 ⾂","意味：retainer, minister","読み：しん","例：臥　 　宦　 　蔵"],{"画数":"7"}],["⾂","","","",["部首：臣 ⾂","意味：retainer, minister","読み：しん","例：臥　 　宦　 　蔵"],{"画数":"7"}],["⾂","","","",["部首：⾂","意味：retainer, minister","読み：しん"],{"画数":"6"}],["自","","","",["部首：自","意味：self","読み：みずから","例：自　 　臫　 　臬　 　臲"],{"画数":"6"}],["至","","","",["部首：至 ","意味：to arrive, reach","読み：いたる","例：致　 　臸　 　臺"],{"画数":"6"}],["","","","",["部首：至 ","意味：to arrive, reach","読み：いたる","例：致　 　臸　 　臺"],{"画数":"6"}],["","","","",["部首：","意味：to arrive, reach","読み：いたるへん"],{"画数":"6"}],["臼","","","",["部首：臼","意味：mortar, quern","読み：うす","例：桕　 　舅　 　舂　 　鼠　 　插"],{"画数":"6"}],["舌","","","",["部首：舌","意味：tongue","読み：した","例：乱　 　适　 　話　 　舍"],{"画数":"6"}],["舛","","","",["部首：舛 ","意味：contrary, to err","読み：まいあし","例：舛　 　舜　 　舞"],{"画数":"7"}],["","","","",["部首：舛 ","意味：contrary, to err","読み：まいあし","例：舛　 　舜　 　舞"],{"画数":"7"}],["","","","",["部首：","意味：contrary, to err","読み：まいあし"],{"画数":"7"}],["舟","","","",["部首：舟 ","意味：ship, boat","読み：ふね","例：航　 　船　 　艦"],{"画数":"6"}],["","","","",["部首：舟 ","意味：ship, boat","読み：ふね","例：航　 　船　 　艦"],{"画数":"6"}],["","","","",["部首：","意味：ship, boat","読み：ふねへん"],{"画数":"6"}],["艮","","","",["部首：艮","意味：boundary","読み：こん","例：良　 　飲　 　很"],{"画数":"6"}],["色","","","",["部首：色","意味：color","読み：いろ","例：色　 　艴　 　艷"],{"画数":"6"}],["艹","","","",["部首：艹 艸　䒑","意味：grass","読み：くさかんむり","例：共　 　花　(　3　7　)　 　英　 　苦　 　草　 　茶　 　落　 　幕　 　靴　 　鞄　 　薬"],{"画数":"3"}],["艸","","","",["部首：艹 艸　䒑","意味：grass","読み：くさかんむり","例：共　 　花　(　3　7　)　 　英　 　苦　 　草　 　茶　 　落　 　幕　 　靴　 　鞄　 　薬"],{"画数":"3"}],["䒑","","","",["部首：艹 艸　䒑","意味：grass","読み：くさかんむり","例：共　 　花　(　3　7　)　 　英　 　苦　 　草　 　茶　 　落　 　幕　 　靴　 　鞄　 　薬"],{"画数":"3"}],["虍","","","",["部首：虍","意味：tiger","読み：とらがしら","例：虎　 　虐　 　彪　 　虒"],{"画数":"6"}],["虫","","","",["部首：虫 ","意味：worm, insect, bug","読み：むし","例：蚯　 　蚓　 　強　 　触　 　蟻　 　蟹"],{"画数":"6"}],["","","","",["部首：虫 ","意味：worm, insect, bug","読み：むし","例：蚯　 　蚓　 　強　 　触　 　蟻　 　蟹"],{"画数":"6"}],["","","","",["部首：","意味：worm, insect, bug","読み：むしへん"],{"画数":"6"}],["血","","","",["部首：血","意味：blood","読み：ち","例：洫　 　衁　 　衅　 　衆"],{"画数":"6"}],["行","","","",["部首：行","意味：to go","読み：ぎょうがまえ","例：行　 　衍　 　術　 　衝"],{"画数":"6"}],["衣","","","",["部首：衣 衤","意味：clothing","読み：ころも","例：衣　 　装　 　裁　 　(　初　 　被　 　複　)"],{"画数":"6"}],["衤","","","",["部首：衣 衤","意味：clothing","読み：ころも","例：衣　 　装　 　裁　 　(　初　 　被　 　複　)"],{"画数":"6"}],["西","","","",["部首：西 ⻃　覀　⾑","意味：cover, west","読み：にし","例：西　 　要　 　覊"],{"画数":"6"}],["⻃","","","",["部首：西 ⻃　覀　⾑","意味：cover, west","読み：にし","例：西　 　要　 　覊"],{"画数":"6"}],["⻃","","","",["部首：⻃","意味：cover, west","読み：にし"],{"画数":"6"}],["覀","","","",["部首：西 ⻃　覀　⾑","意味：cover, west","読み：にし","例：西　 　要　 　覊"],{"画数":"6"}],["⾑","","","",["部首：西 ⻃　覀　⾑","意味：cover, west","読み：にし","例：西　 　要　 　覊"],{"画数":"6"}],["⾑","","","",["部首：⾑","意味：cover, west","読み：にし"],{"画数":"6"}],["見","","","",["部首：見","意味：to see","読み：みる","例：規　 　親　 　覺　 　觀"],{"画数":"7"}],["角","","","",["部首：角 ","意味：horn, corner","読み：つの","例：觚　 　解　 　觕　 　觥　 　觸"],{"画数":"7"}],["","","","",["部首：角 ","意味：horn, corner","読み：つの","例：觚　 　解　 　觕　 　觥　 　觸"],{"画数":"7"}],["","","","",["部首：","意味：horn, corner","読み：つのへん"],{"画数":"7"}],["言","","","",["部首：言 訁　","意味：words, to speak, say","読み：げん","例：誁　 　詋　 　詔　 　評　 　詗　 　詥　 　試　 　詧"],{"画数":"7"}],["訁","","","",["部首：言 訁　","意味：words, to speak, say","読み：げん","例：誁　 　詋　 　詔　 　評　 　詗　 　詥　 　試　 　詧"],{"画数":"7"}],["","","","",["部首：言 訁　","意味：words, to speak, say","読み：げん","例：誁　 　詋　 　詔　 　評　 　詗　 　詥　 　試　 　詧"],{"画数":"7"}],["","","","",["部首：","意味：words, to speak, say","読み：ごんべん"],{"画数":"7"}],["谷","","","",["部首：谷 ","意味：valley","読み：たに","例：谿　 　豀　 　谸"],{"画数":"7"}],["","","","",["部首：谷 ","意味：valley","読み：たに","例：谿　 　豀　 　谸"],{"画数":"7"}],["","","","",["部首：","意味：valley","読み：たにへん"],{"画数":"7"}],["豆","","","",["部首：豆 ","意味：bean","読み：まめ","例：豈　 　豐　 　豎"],{"画数":"7"}],["","","","",["部首：豆 ","意味：bean","読み：まめ","例：豈　 　豐　 　豎"],{"画数":"7"}],["","","","",["部首：","意味：bean","読み：まめへん"],{"画数":"7"}],["豕","","","",["部首：豕","意味：pig","読み：いのこ","例：豕　 　豚　 　象"],{"画数":"7"}],["豸","","","",["部首：豸","意味：badger, beast","読み：むじなへん","例：豹　 　貌　 　貓　 　貉"],{"画数":"7"}],["貝","","","",["部首：貝 ","意味：shell, property, wealth","読み：かい","例：財　 　賊　 　賜　 　贛　 　貧　 　貨　 　貫　 　貿"],{"画数":"7"}],["","","","",["部首：貝 ","意味：shell, property, wealth","読み：かい","例：財　 　賊　 　賜　 　贛　 　貧　 　貨　 　貫　 　貿"],{"画数":"7"}],["","","","",["部首：","意味：shell, property, wealth","読み：かいへん"],{"画数":"7"}],["赤","","","",["部首：赤","意味：red","読み：あか","例：赫　 　赭"],{"画数":"7"}],["走","","","",["部首：走 ⾡　赱　","意味：to run","読み：はしる","例：赴　 　起　 　超"],{"画数":"7"}],["⾡","","","",["部首：走 ⾡　赱　","意味：to run","読み：はしる","例：赴　 　起　 　超"],{"画数":"7"}],["⾡","","","",["部首：⾡","意味：to run","読み：しんにょう"],{"画数":"7"}],["赱","","","",["部首：走 ⾡　赱　","意味：to run","読み：はしる","例：赴　 　起　 　超"],{"画数":"7"}],["","","","",["部首：走 ⾡　赱　","意味：to run","読み：はしる","例：赴　 　起　 　超"],{"画数":"7"}],["","","","",["部首：","意味：to run","読み：そうにょう"],{"画数":"7"}],["足","","","",["部首：足 ⻊","意味：foot, leg","読み：あし","例：跑　 　跨　 　跟　 　跪　 　路"],{"画数":"7"}],["⻊","","","",["部首：足 ⻊","意味：foot, leg","読み：あし","例：跑　 　跨　 　跟　 　跪　 　路"],{"画数":"7"}],["⻊","","","",["部首：⻊","意味：foot, leg","読み：あしへん"],{"画数":"7"}],["身","","","",["部首：身 ","意味：body","読み：み","例：躬　 　躲　 　軀"],{"画数":"7"}],["","","","",["部首：身 ","意味：body","読み：み","例：躬　 　躲　 　軀"],{"画数":"7"}],["","","","",["部首：","意味：body","読み：みへん"],{"画数":"7"}],["車","","","",["部首：車 ","意味：vehicle, wheel, car","読み：くるま","例：軌　 　軟　 　較　 　軍　 　載"],{"画数":"7"}],["","","","",["部首：車 ","意味：vehicle, wheel, car","読み：くるま","例：軌　 　軟　 　較　 　軍　 　載"],{"画数":"7"}],["","","","",["部首：","意味：vehicle, wheel, car","読み：くるまへん"],{"画数":"7"}],["辛","","","",["部首：辛","意味：bitter","読み：からい","例：辜　 　辟　 　辣　 　辦　 　辨"],{"画数":"7"}],["辰","","","",["部首：辰","意味：morning, 7–9 A.M.","読み：しんのたつ","例：辱　 　農"],{"画数":"7"}],["⻌","","","",["部首：⻌ 辶","意味：road, walk, to advance","読み：しんにょう","例：巡　 　迎　 　通　 　追　 　逃　 　迎　 　進"],{"画数":"3"}],["辶","","","",["部首：⻌ 辶","意味：road, walk, to advance","読み：しんにょう","例：巡　 　迎　 　通　 　追　 　逃　 　迎　 　進"],{"画数":"3"}],["邑","","","",["部首：邑 阝　⻏","意味：town, community","読み：むら","例：那　 　邦　 　郎　 　部　 　郭　 　都　 　鄉"],{"画数":"7"}],["阝","","","",["部首：邑 阝　⻏","意味：town, community","読み：むら","例：那　 　邦　 　郎　 　部　 　郭　 　都　 　鄉"],{"画数":"7"}],["阝","","","",["部首：阜 ⻖　阝","意味：hill, mound, dam","読み：こざと","例：阪　 　防　 　阻　 　陆　 　陘　 　院　 　险　 　陳"],{"画数":"8"}],["⻏","","","",["部首：邑 阝　⻏","意味：town, community","読み：むら","例：那　 　邦　 　郎　 　部　 　郭　 　都　 　鄉"],{"画数":"7"}],["⻏","","","",["部首：⻏","意味：town, community","読み：おおざと"],{"画数":"3"}],["酉","","","",["部首：酉 ","意味：sake jar, bird","読み：ひよみのとり","例：酒　 　醉　 　油　 　醒　 　酸"],{"画数":"7"}],["","","","",["部首：酉 ","意味：sake jar, bird","読み：ひよみのとり","例：酒　 　醉　 　油　 　醒　 　酸"],{"画数":"7"}],["","","","",["部首：","意味：sake jar, bird","読み：とりへん"],{"画数":"7"}],["釆","","","",["部首：釆 ","意味：divide, to separate","読み：のごめ","例：釉　 　釋"],{"画数":"7"}],["","","","",["部首：釆 ","意味：divide, to separate","読み：のごめ","例：釉　 　釋"],{"画数":"7"}],["","","","",["部首：","意味：divide, to separate","読み：のごめへん"],{"画数":"7"}],["里","","","",["部首：里 ","意味：village, (3.93 km)","読み：さと","例：野　 　野"],{"画数":"7"}],["","","","",["部首：里 ","意味：village, (3.93 km)","読み：さと","例：野　 　野"],{"画数":"7"}],["","","","",["部首：","意味：village, (3.93 km)","読み：さとへん"],{"画数":"7"}],["金","","","",["部首：金 釒　","意味：metal, gold, mineral","読み：かね","例：銀　 　銅　 　釘　 　銳　 　鋞　 　鋙　 　鉒　 　鉍　 　鉗　 　鈡　 　鈠"],{"画数":"8"}],["釒","","","",["部首：金 釒　","意味：metal, gold, mineral","読み：かね","例：銀　 　銅　 　釘　 　銳　 　鋞　 　鋙　 　鉒　 　鉍　 　鉗　 　鈡　 　鈠"],{"画数":"8"}],["","","","",["部首：金 釒　","意味：metal, gold, mineral","読み：かね","例：銀　 　銅　 　釘　 　銳　 　鋞　 　鋙　 　鉒　 　鉍　 　鉗　 　鈡　 　鈠"],{"画数":"8"}],["","","","",["部首：","意味：metal, gold, mineral","読み：かねへん"],{"画数":"8"}],["長","","","",["部首：長 镸","意味：long","読み：ながい","例：長"],{"画数":"8"}],["镸","","","",["部首：長 镸","意味：long","読み：ながい","例：長"],{"画数":"8"}],["門","","","",["部首：門","意味：gate, door","読み：もんがまえ","例：間　 　閑　 　関　 　闘　 　閉　 　開　 　閏　 　間"],{"画数":"8"}],["阜","","","",["部首：阜 ⻖　阝","意味：hill, mound, dam","読み：こざと","例：阪　 　防　 　阻　 　陆　 　陘　 　院　 　险　 　陳"],{"画数":"8"}],["⻖","","","",["部首：阜 ⻖　阝","意味：hill, mound, dam","読み：こざと","例：阪　 　防　 　阻　 　陆　 　陘　 　院　 　险　 　陳"],{"画数":"8"}],["⻖","","","",["部首：⻖","意味：hill, mound, dam","読み：こざとへん"],{"画数":"3"}],["隶","","","",["部首：隶","意味：to capture, servant","読み：れいづくり","例：隸　 　隺"],{"画数":"8"}],["隹","","","",["部首：隹","意味：small bird","読み：ふるとり","例：雀　 　集　 　雁　 　难　 　雀　 　雅"],{"画数":"8"}],["雨","","","",["部首：雨 ⻗","意味：rain","読み：あめ","例：雾　 　霜　 　雪　 　霸　 　雲　 　霧"],{"画数":"8"}],["⻗","","","",["部首：雨 ⻗","意味：rain","読み：あめ","例：雾　 　霜　 　雪　 　霸　 　雲　 　霧"],{"画数":"8"}],["⻗","","","",["部首：⻗","意味：rain","読み：あめかんむり"],{"画数":"8"}],["青","","","",["部首：青 ⾭","意味：blue, green","読み：あお","例：靕　 　靖　 　靜"],{"画数":"8"}],["⾭","","","",["部首：青 ⾭","意味：blue, green","読み：あお","例：靕　 　靖　 　靜"],{"画数":"8"}],["⾭","","","",["部首：⾭","意味：blue, green","読み：あお"],{"画数":"8"}],["非","","","",["部首：非","意味：wrong, non-","読み：あらず","例：靠　 　靠　 　靟"],{"画数":"8"}],["面","","","",["部首：面 靣","意味：face, surface","読み：めん","例：靦　 　靨"],{"画数":"9"}],["靣","","","",["部首：面 靣","意味：face, surface","読み：めん","例：靦　 　靨"],{"画数":"9"}],["革","","","",["部首：革 ","意味：leather","読み：つくりがわ","例：靴　 　鞍　 　鞅　 　鞍　 　鞭"],{"画数":"9"}],["","","","",["部首：革 ","意味：leather","読み：つくりがわ","例：靴　 　鞍　 　鞅　 　鞍　 　鞭"],{"画数":"9"}],["","","","",["部首：","意味：leather","読み：なめしがわ"],{"画数":"9"}],["韋","","","",["部首：韋","意味：tanned leather","読み：なめしがわ","例：韋　 　韓　 　韜"],{"画数":"10"}],["韭","","","",["部首：韭","意味：leek","読み：にら","例：韱　 　韲"],{"画数":"9"}],["音","","","",["部首：音","意味：sound, noise","読み：おと","例：韶　 　韻　 　韾"],{"画数":"9"}],["頁","","","",["部首：頁","意味：head, page","読み：おおがい","例：頃　 　項　 　順　 　須　 　領　 　頭　 　頩　 　頂"],{"画数":"9"}],["風","","","",["部首：風 ⺇　\ud841　\ude28","意味：wind","読み：かぜ","例：風　 　颱　 　飄　 　颿　 　颪"],{"画数":"9"}],["⺇","","","",["部首：風 ⺇　\ud841　\ude28","意味：wind","読み：かぜ","例：風　 　颱　 　飄　 　颿　 　颪"],{"画数":"9"}],["⺇","","","",["部首：⺇","意味：wind","読み：かぜかんむり"],{"画数":"2"}],["\ud841","","","",["部首：風 ⺇　\ud841　\ude28","意味：wind","読み：かぜ","例：風　 　颱　 　飄　 　颿　 　颪"],{"画数":"9"}],["\ude28","","","",["部首：風 ⺇　\ud841　\ude28","意味：wind","読み：かぜ","例：風　 　颱　 　飄　 　颿　 　颪"],{"画数":"9"}],["飛","","","",["部首：飛","意味：to fly","読み：とぶ","例：飜　 　飝"],{"画数":"9"}],["食","","","",["部首：食 \ud865　\ude7f　飠","意味：food, to eat","読み：しょく","例：飯　 　飲　 　餓　 　餘　 　餐　 　養"],{"画数":"9"}],["\ud865","","","",["部首：食 \ud865　\ude7f　飠","意味：food, to eat","読み：しょく","例：飯　 　飲　 　餓　 　餘　 　餐　 　養"],{"画数":"9"}],["\ude7f","","","",["部首：食 \ud865　\ude7f　飠","意味：food, to eat","読み：しょく","例：飯　 　飲　 　餓　 　餘　 　餐　 　養"],{"画数":"9"}],["飠","","","",["部首：食 \ud865　\ude7f　飠","意味：food, to eat","読み：しょく","例：飯　 　飲　 　餓　 　餘　 　餐　 　養"],{"画数":"9"}],["首","","","",["部首：首","意味：head","読み：くび","例：馗　 　馘"],{"画数":"9"}],["香","","","",["部首：香","意味：scent","読み：かおり","例：馨"],{"画数":"9"}],["馬","","","",["部首：馬 ","意味：horse","読み：うま","例：馮　 　馴　 　馳　 　駐　 　驚"],{"画数":"10"}],["","","","",["部首：馬 ","意味：horse","読み：うま","例：馮　 　馴　 　馳　 　駐　 　驚"],{"画数":"10"}],["","","","",["部首：","意味：horse","読み：うまへん"],{"画数":"10"}],["骨","","","",["部首：骨 ","意味：bone","読み：ほね","例：骼　 　髒　 　髀　 　骿　 　骾"],{"画数":"10"}],["","","","",["部首：骨 ","意味：bone","読み：ほね","例：骼　 　髒　 　髀　 　骿　 　骾"],{"画数":"10"}],["","","","",["部首：","意味：bone","読み：ほねへん"],{"画数":"10"}],["高","","","",["部首：高 髙","意味：high","読み：たかい","例：髚　 　髛"],{"画数":"10"}],["髙","","","",["部首：高 髙","意味：high","読み：たかい","例：髚　 　髛"],{"画数":"10"}],["髟","","","",["部首：髟","意味：long hair","読み：かみかんむり","例：髮　 　鬚　 　鬆　 　鬍　 　髦"],{"画数":"10"}],["鬥","","","",["部首：鬥","意味：fighting","読み：たたかいがまえ","例：鬧　 　鬪"],{"画数":"10"}],["鬯","","","",["部首：鬯","意味：herbs","読み：においざけ","例：鬰　 　鬱"],{"画数":"10"}],["鬲","","","",["部首：鬲","意味：tripod, cauldron","読み：れき","例：鬶　 　鬷　 　鬸"],{"画数":"10"}],["鬼","","","",["部首：鬼","意味：demon","読み：おに","例：魂　 　魁　 　鬽　 　魄"],{"画数":"10"}],["魚","","","",["部首：魚 ","意味：fish","読み：うお","例：鯉　 　鮑　 　魛　 　魜　 　魝　 　魞　 　魟　 　魠"],{"画数":"11"}],["","","","",["部首：魚 ","意味：fish","読み：うお","例：鯉　 　鮑　 　魛　 　魜　 　魝　 　魞　 　魟　 　魠"],{"画数":"11"}],["","","","",["部首：","意味：fish","読み：うおへん"],{"画数":"11"}],["鳥","","","",["部首：鳥","意味：bird","読み：とり","例：鳫　 　鳮　 　鳱　 　鳳　 　鳴　 　鳿　 　雞　 　鳴　 　鴻　 　鴛"],{"画数":"11"}],["鹵","","","",["部首：鹵","意味：salt","読み：しお","例：鹹　 　鹼　 　鹽"],{"画数":"11"}],["鹿","","","",["部首：鹿","意味：deer","読み：しか","例：塵　 　麃　 　麋　 　麉　 　麟"],{"画数":"11"}],["麦","","","",["部首：麦 ⿆","意味：wheat","読み：むぎ","例：麴　 　麵　 　麱　 　麨　 　麺"],{"画数":"7"}],["⿆","","","",["部首：麦 ⿆","意味：wheat","読み：むぎ","例：麴　 　麵　 　麱　 　麨　 　麺"],{"画数":"7"}],["⿆","","","",["部首：⿆","意味：wheat","読み：むぎ"],{"画数":"11"}],["麻","","","",["部首：麻 ","意味：hemp","読み：あさ","例：麼　 　魔"],{"画数":"11"}],["","","","",["部首：麻 ","意味：hemp","読み：あさ","例：麼　 　魔"],{"画数":"11"}],["","","","",["部首：","意味：hemp","読み：あさかんむり"],{"画数":"11"}],["黄","","","",["部首：黄 ⿈","意味：yellow","読み：き","例：黊　 　黌"],{"画数":"11"}],["⿈","","","",["部首：黄 ⿈","意味：yellow","読み：き","例：黊　 　黌"],{"画数":"11"}],["⿈","","","",["部首：⿈","意味：yellow","読み：き"],{"画数":"12"}],["黍","","","",["部首：黍","意味：millet","読み：きび","例：黏　 　黎"],{"画数":"12"}],["黒","","","",["部首：黒 黑","意味：black","読み：くろ","例：點　 　黛　 　黱　 　黨"],{"画数":"11"}],["黑","","","",["部首：黒 黑","意味：black","読み：くろ","例：點　 　黛　 　黱　 　黨"],{"画数":"11"}],["黹","","","",["部首：黹","意味：embroider","読み：ぬいとり","例：黼　 　黻"],{"画数":"12"}],["黽","","","",["部首：黽","意味：frog","読み：かえる","例：黿　 　鼈"],{"画数":"13"}],["鼎","","","",["部首：鼎","意味：tripod (sacrificial)","読み：かなえ","例：鼏　 　鼒"],{"画数":"13"}],["鼓","","","",["部首：鼓","意味：drum","読み：つづみ","例：鼗　 　鼘"],{"画数":"13"}],["鼠","","","",["部首：鼠","意味：rat, mouse","読み：ねずみ","例：鼢　 　鼣　 　鼤"],{"画数":"13"}],["鼻","","","",["部首：鼻","意味：nose","読み：はな","例：鼼　 　鼽　 　鼿"],{"画数":"14"}],["齊","","","",["部首：齊 ⻫","意味：alike","読み：せい","例：齋　 　齏　 　齏"],{"画数":"14"}],["⻫","","","",["部首：齊 ⻫","意味：alike","読み：せい","例：齋　 　齏　 　齏"],{"画数":"14"}],["⻫","","","",["部首：⻫","意味：alike","読み：せい"],{"画数":"8"}],["歯","","","",["部首：歯 齒","意味：tooth","読み：は","例：齡　 　齠　 　齗"],{"画数":"12"}],["齒","","","",["部首：歯 齒","意味：tooth","読み：は","例：齡　 　齠　 　齗"],{"画数":"12"}],["竜","","","",["部首：竜 龍","意味：dragon","読み：りゅう","例：龖　 　龘"],{"画数":"11"}],["龍","","","",["部首：竜 龍","意味：dragon","読み：りゅう","例：龖　 　龘"],{"画数":"11"}],["龍","","","",["部首：龍","意味：dragon","読み：りゅう"],{"画数":"16"}],["亀","","","",["部首：亀 龜","意味：turtle","読み：かめ","例：龝"],{"画数":"11"}],["龜","","","",["部首：亀 龜","意味：turtle","読み：かめ","例：龝"],{"画数":"11"}],["龠","","","",["部首：龠","意味：flute","読み：やく","例：龣"],{"画数":"17"}],["𠆢","","","",["部首：𠆢","意味：person","読み：ひとやね"],{"画数":"2"}],["⺉","","","",["部首：⺉","意味：knife, sword","読み：りっとう"],{"画数":"2"}],["","","","",["部首：","意味：Katakana Tsu","読み：つ"],{"画数":"3"}],["⺖","","","",["部首：⺖","意味：heart, mind, spirit","読み：りっしんべん"],{"画数":"3"}],["⺨","","","",["部首：⺨","意味：beast","読み：けものへん"],{"画数":"3"}],["⽁","","","",["部首：⽁","意味：activity, to strike, hit","読み：ぼくづくり"],{"画数":"4"}],["","","","",["部首：","意味：meat, flesh","読み：にくづき"],{"画数":"4"}],["⺣","","","",["部首：⺣","意味：fire","読み：れっか"],{"画数":"4"}],["","","","",["部首：","意味：jewelry, jeweled king","読み：おうへん"],{"画数":"4"}],["","","","",["部首：","意味：stone","読み：いしへん"],{"画数":"5"}],["⺫","","","",["部首：⺫","意味：net","読み：あみがしら"],{"画数":"5"}],["⻂","","","",["部首：⻂","意味：clothing","読み：ころもへん"],{"画数":"5"}],["⺛","","","",["部首：⺛","意味：not","読み：むにょう"],{"画数":"5"}],["𦉰","","","",["部首：𦉰","意味：net","読み：あみがしら"],{"画数":"5"}],["⽼","","","",["部首：⽼","意味：old, old-age","読み：おいかんむり"],{"画数":"6"}],["⾋","","","",["部首：⾋","意味：grass, plant","読み：くさ"],{"画数":"6"}],["⻟","","","",["部首：⻟","意味：food, to eat","読み：しょくへん"],{"画数":"8"}],["⿊","","","",["部首：⿊","意味：black","読み：くろ"],{"画数":"12"}],["⿒","","","",["部首：⿒","意味：tooth","読み：は"],{"画数":"15"}],["⿔","","","",["部首：⿔","意味：turtle","読み：かめ"],{"画数":"16"}],["々","","","",["部首：々","意味：symbol of repetition","読み：n/a"],{"画数":"n/a"}]]